,watch-title,y,watch-view-count,watch-time-text,content_watch-info-tag-list,watch7-headline,watch7-user-header,watch8-sentiment-actions,og:image,og:image:width,og:image:height,og:description,og:video:width,og:video:height,og:video:tag,channel_link_0,p
510,Lecture 11 - Introduction to Neural Networks | Stanford CS229: Machine Learning (Autumn 2018),0,8.831 visualiza√ß√µes,Publicado em 17 de abr. de 2020,Educa√ß√£o,Lecture 11 - Introduction to Neural Networks | Stanford CS229: Machine Learning (Autumn 2018),"stanfordonline
Carregando...
Cancelar inscri√ß√£o de stanfordonline?
N√£o
Cancelar inscri√ß√£o
Processando...
Inscrever-seInscritoCancelar inscri√ß√£o169¬†mil Carregando...
Carregando...
Processando...","8.831 visualiza√ß√µes
127
Gostou deste v√≠deo?
Fa√ßa login para que sua opini√£o seja levada em conta.
Fazer login
128
0
N√£o gostou deste v√≠deo?
Fa√ßa login para que sua opini√£o seja levada em conta.
Fazer login
1",https://i.ytimg.com/vi/MfIjxPh6Pys/maxresdefault.jpg,1280,720,Take an adapted version of this course as part of the Stanford Artificial Intelligence Professional Program. Learn more at: https://stanford.io/3bhmLce Kian ...,1280,720,,/channel/UCBa5G_ESCn8Yd4vw5U-gIcg,0.512
530,Kaggle Competition- Dengue or Malaria Prediction Using Transfer Learning VGG19,1,4.679 visualiza√ß√µes,Publicado em 17 de set. de 2019,Educa√ß√£o,"#MalariaDetection
Kaggle Competition- Dengue or Malaria Prediction Using Transfer Learning VGG19","Krish Naik
Carregando...
Cancelar inscri√ß√£o de Krish Naik?
N√£o
Cancelar inscri√ß√£o
Processando...
Inscrever-seInscritoCancelar inscri√ß√£o172¬†mil Carregando...
Carregando...
Processando...","4.679 visualiza√ß√µes
92
Gostou deste v√≠deo?
Fa√ßa login para que sua opini√£o seja levada em conta.
Fazer login
93
2
N√£o gostou deste v√≠deo?
Fa√ßa login para que sua opini√£o seja levada em conta.
Fazer login
3",https://i.ytimg.com/vi/NjvX4BhOjOw/hqdefault.jpg,480,360,In this video we will implement transfer learning in deep learning to predict Malaria Disease ##MalariaDetection Github url: https://github.com/krishnaik06/M...,1280,720,VGG19,/channel/UCNU_lfiiWBdtULKOw6X0Dig,0.57
538,Career AMA with Jeff Dean | CareerCon 2019| Kaggle,0,1.293 visualiza√ß√µes,Publicado em 15 de ago. de 2019,Ci√™ncia e tecnologia,Career AMA with Jeff Dean | CareerCon 2019| Kaggle,"Kaggle
Carregando...
Cancelar inscri√ß√£o de Kaggle?
N√£o
Cancelar inscri√ß√£o
Processando...
Inscrever-seInscritoCancelar inscri√ß√£o54,2¬†mil Carregando...
Carregando...
Processando...","1.293 visualiza√ß√µes
45
Gostou deste v√≠deo?
Fa√ßa login para que sua opini√£o seja levada em conta.
Fazer login
46
0
N√£o gostou deste v√≠deo?
Fa√ßa login para que sua opini√£o seja levada em conta.
Fazer login
1",https://i.ytimg.com/vi/OCij9sjR1xU/maxresdefault.jpg,1280,720,"""In this AMA, Jeff will share his path into data science from academia, his stumbles, successes and the wisdom he's picked up for budding machine learning en...",1280,720,CS,/channel/UCSNeZleDn9c74yQc-EKnVTA,0.608
547,Lecture 13 - Debugging ML Models and Error Analysis | Stanford CS229: Machine Learning (Autumn 2018),0,3.022 visualiza√ß√µes,Publicado em 17 de abr. de 2020,Educa√ß√£o,Lecture 13 - Debugging ML Models and Error Analysis | Stanford CS229: Machine Learning (Autumn 2018),"stanfordonline
Carregando...
Cancelar inscri√ß√£o de stanfordonline?
N√£o
Cancelar inscri√ß√£o
Processando...
Inscrever-seInscritoCancelar inscri√ß√£o169¬†mil Carregando...
Carregando...
Processando...","3.022 visualiza√ß√µes
55
Gostou deste v√≠deo?
Fa√ßa login para que sua opini√£o seja levada em conta.
Fazer login
56
0
N√£o gostou deste v√≠deo?
Fa√ßa login para que sua opini√£o seja levada em conta.
Fazer login
1",https://i.ytimg.com/vi/ORrStCArmP4/maxresdefault.jpg,1280,720,Take an adapted version of this course as part of the Stanford Artificial Intelligence Professional Program. Learn more at: https://stanford.io/3bhmLce Andre...,1280,720,,/channel/UCBa5G_ESCn8Yd4vw5U-gIcg,0.514
548,Kaggle Live Coding: Automatic ML | Kaggle,0,3.827 visualiza√ß√µes,Transmitido ao vivo em 1 de nov. de 2019,Ci√™ncia e tecnologia,Kaggle Live Coding: Automatic ML | Kaggle,"Kaggle
Carregando...
Cancelar inscri√ß√£o de Kaggle?
N√£o
Cancelar inscri√ß√£o
Processando...
Inscrever-seInscritoCancelar inscri√ß√£o54,2¬†mil Carregando...
Carregando...
Processando...","3.827 visualiza√ß√µes
109
Gostou deste v√≠deo?
Fa√ßa login para que sua opini√£o seja levada em conta.
Fazer login
110
0
N√£o gostou deste v√≠deo?
Fa√ßa login para que sua opini√£o seja levada em conta.
Fazer login
1",https://i.ytimg.com/vi/OU4RCNMmvto/hqdefault.jpg,480,360,"About Kaggle: Kaggle is the world's largest community of data scientists. Join us to compete, collaborate, learn, and do your data science work. Kaggle's pla...",1280,720,reading group,/channel/UCSNeZleDn9c74yQc-EKnVTA,0.436
559,Porque estudar Data Science com a Udacity e a Tableau - TecMundo,0,9.431 visualiza√ß√µes,Publicado em 23 de nov. de 2018,Ci√™ncia e tecnologia,Porque estudar Data Science com a Udacity e a Tableau - TecMundo,"TecMundo
Carregando...
Cancelar inscri√ß√£o de TecMundo?
N√£o
Cancelar inscri√ß√£o
Processando...
Inscrever-seInscritoCancelar inscri√ß√£o3,62¬†mi Carregando...
Carregando...
Processando...","9.431 visualiza√ß√µes
686
Gostou deste v√≠deo?
Fa√ßa login para que sua opini√£o seja levada em conta.
Fazer login
687
17
N√£o gostou deste v√≠deo?
Fa√ßa login para que sua opini√£o seja levada em conta.
Fazer login
18",https://i.ytimg.com/vi/Opc9D-CTPuQ/maxresdefault.jpg,1280,720,#[Tipo: Publieditorial] CR√âDITOS Texto: Leonardo Rocha Imagens: Renan Pagliarusi Edi√ß√£o de v√≠deo: Larissa Kinoshita Motion Graphics: Gustavo Silva Arte da th...,1280,720,not√≠cias,/channel/UCdmGjywrxeOPfC7vDllmSgQ,0.7
567,What are Hiring Managers Really Looking For? | CareerCon 2019 | Kaggle,0,1.447 visualiza√ß√µes,Publicado em 15 de ago. de 2019,Ci√™ncia e tecnologia,What are Hiring Managers Really Looking For? | CareerCon 2019 | Kaggle,"Kaggle
Carregando...
Cancelar inscri√ß√£o de Kaggle?
N√£o
Cancelar inscri√ß√£o
Processando...
Inscrever-seInscritoCancelar inscri√ß√£o54,2¬†mil Carregando...
Carregando...
Processando...","1.447 visualiza√ß√µes
49
Gostou deste v√≠deo?
Fa√ßa login para que sua opini√£o seja levada em conta.
Fazer login
50
0
N√£o gostou deste v√≠deo?
Fa√ßa login para que sua opini√£o seja levada em conta.
Fazer login
1",https://i.ytimg.com/vi/P36CHxH_8OU/maxresdefault.jpg,1280,720,"When scanning job descriptions, it can seem like hiring managers are looking for impossibly well-rounded and experienced data scientists. In this session wit...",1280,720,careercon,/channel/UCSNeZleDn9c74yQc-EKnVTA,0.522
586,Stanford CS230: Deep Learning | Autumn 2018 | Lecture 1 - Class Introduction and Logistics,0,399.032 visualiza√ß√µes,Publicado em 21 de mar. de 2019,Educa√ß√£o,Stanford CS230: Deep Learning | Autumn 2018 | Lecture 1 - Class Introduction and Logistics,"stanfordonline
Carregando...
Cancelar inscri√ß√£o de stanfordonline?
N√£o
Cancelar inscri√ß√£o
Processando...
Inscrever-seInscritoCancelar inscri√ß√£o169¬†mil Carregando...
Carregando...
Processando...","399.032 visualiza√ß√µes
6.280
Gostou deste v√≠deo?
Fa√ßa login para que sua opini√£o seja levada em conta.
Fazer login
6.281
95
N√£o gostou deste v√≠deo?
Fa√ßa login para que sua opini√£o seja levada em conta.
Fazer login
96",https://i.ytimg.com/vi/PySo_6S4ZAg/maxresdefault.jpg,1280,720,"Andrew Ng, Adjunct Professor & Kian Katanforoosh, Lecturer - Stanford University https://stanford.io/3eJW8yT Andrew Ng Adjunct Professor, Computer Science Ki...",1280,720,,/channel/UCBa5G_ESCn8Yd4vw5U-gIcg,0.481
590,Data Science Project - 6 : Python Flask Server (Real Estate Price Prediction Project),0,9.879 visualiza√ß√µes,Publicado em 31 de dez. de 2019,Educa√ß√£o,Data Science Project - 6 : Python Flask Server (Real Estate Price Prediction Project),"codebasics
Carregando...
Cancelar inscri√ß√£o de codebasics?
N√£o
Cancelar inscri√ß√£o
Processando...
Inscrever-seInscritoCancelar inscri√ß√£o116¬†mil Carregando...
Carregando...
Processando...","9.879 visualiza√ß√µes
97
Gostou deste v√≠deo?
Fa√ßa login para que sua opini√£o seja levada em conta.
Fazer login
98
4
N√£o gostou deste v√≠deo?
Fa√ßa login para que sua opini√£o seja levada em conta.
Fazer login
5",https://i.ytimg.com/vi/Q5JyawS8f5Q/maxresdefault.jpg,1280,720,This data science project series walks through step by step process of how to build a real estate price prediction website. We will first build a model using...,1280,720,,/channel/UCh9nVJoWXmFb7sLApWGcLPQ,0.447
596,"Stanford CS224N: NLP with Deep Learning | Winter 2019 | Lecture 7 ‚Äì Vanishing Gradients, Fancy RNNs",0,33.516 visualiza√ß√µes,Publicado em 21 de mar. de 2019,Educa√ß√£o,"Stanford CS224N: NLP with Deep Learning | Winter 2019 | Lecture 7 ‚Äì Vanishing Gradients, Fancy RNNs","stanfordonline
Carregando...
Cancelar inscri√ß√£o de stanfordonline?
N√£o
Cancelar inscri√ß√£o
Processando...
Inscrever-seInscritoCancelar inscri√ß√£o169¬†mil Carregando...
Carregando...
Processando...","33.516 visualiza√ß√µes
334
Gostou deste v√≠deo?
Fa√ßa login para que sua opini√£o seja levada em conta.
Fazer login
335
5
N√£o gostou deste v√≠deo?
Fa√ßa login para que sua opini√£o seja levada em conta.
Fazer login
6",https://i.ytimg.com/vi/QEw0qEa0E50/maxresdefault.jpg,1280,720,"Professor Christopher Manning & PhD Candidate Abigail See, Stanford University http://onlinehub.stanford.edu/ Professor Christopher Manning Thomas M. Siebel ...",1280,720,,/channel/UCBa5G_ESCn8Yd4vw5U-gIcg,0.785
599,Stock Price Prediction Using Python & Machine Learning,1,247.071 visualiza√ß√µes,Publicado em 21 de dez. de 2019,Ci√™ncia e tecnologia,"#StockPrediction #Python #MachineLearning
Stock Price Prediction Using Python & Machine Learning","Computer Science
Carregando...
Cancelar inscri√ß√£o de Computer Science?
N√£o
Cancelar inscri√ß√£o
Processando...
Inscrever-seInscritoCancelar inscri√ß√£o28,4¬†mil Carregando...
Carregando...
Processando...","247.071 visualiza√ß√µes
6.233
Gostou deste v√≠deo?
Fa√ßa login para que sua opini√£o seja levada em conta.
Fazer login
6.234
184
N√£o gostou deste v√≠deo?
Fa√ßa login para que sua opini√£o seja levada em conta.
Fazer login
185",https://i.ytimg.com/vi/QIUxPv5PJOY/maxresdefault.jpg,1280,720,Stock Price Prediction Using Python & Machine Learning (LSTM). In this video you will learn how to create an artificial neural network called Long Short Term...,1280,720,,/channel/UCbmb5IoBtHZTpYZCDBOC1CA,0.485
620,flowlight„Åï„Çì„ÄéTalkingData AdTracking Fraud Detection Challenge„Äè- Kaggle meetup Tokyo #4,0,1.960 visualiza√ß√µes,Publicado em 12 de mai. de 2018,Pessoas e blogs,flowlight„Åï„Çì„ÄéTalkingData AdTracking Fraud Detection Challenge„Äè- Kaggle meetup Tokyo #4,"Takami Sato
Carregando...
Cancelar inscri√ß√£o de Takami Sato?
N√£o
Cancelar inscri√ß√£o
Processando...
Inscrever-seInscritoCancelar inscri√ß√£o2,24¬†mil Carregando...
Carregando...
Processando...","1.960 visualiza√ß√µes
19
Gostou deste v√≠deo?
Fa√ßa login para que sua opini√£o seja levada em conta.
Fazer login
20
1
N√£o gostou deste v√≠deo?
Fa√ßa login para que sua opini√£o seja levada em conta.
Fazer login
2",https://i.ytimg.com/vi/RKXUEJVJJ-o/maxresdefault.jpg,1280,720,Ë≥áÊñô https://www.slideshare.net/TakanoriHayashi3/talkingdata-adtracking-fraud-detection-challenge-1st-place-solution Kaggle meetup tokyo #4 https://connpass.co...,1280,720,kaggle,/channel/UCiECS_auJLNpFsvjTi1WuxQ,0.456
624,Introduction to Machine Learning | Webinar,0,4.974 visualiza√ß√µes,Transmitido ao vivo em 31 de mai. de 2020,Educa√ß√£o,Introduction to Machine Learning | Webinar,"CloudxLab
Carregando...
Cancelar inscri√ß√£o de CloudxLab?
N√£o
Cancelar inscri√ß√£o
Processando...
Inscrever-seInscritoCancelar inscri√ß√£o7,89¬†mil Carregando...
Carregando...
Processando...","4.974 visualiza√ß√µes
212
Gostou deste v√≠deo?
Fa√ßa login para que sua opini√£o seja levada em conta.
Fazer login
213
5
N√£o gostou deste v√≠deo?
Fa√ßa login para que sua opini√£o seja levada em conta.
Fazer login
6",https://i.ytimg.com/vi/Rh-Cwew7ayA/maxresdefault.jpg,1280,720,Please fill in the form to get the PPT slides in your email - https://forms.gle/2utyDJ7hJXQyZuwz7 You may drop in your feedback as well as queries here. Have...,1280,720,,/channel/UC8mJ6DL1Q32UWyJUceoO8Jw,0.438
639,Master Class | Data Science Adoption & Transformation ‚Äì key enablers,0,9 visualiza√ß√µes,Publicado em 1 de jun. de 2020,Educa√ß√£o,Master Class | Data Science Adoption & Transformation ‚Äì key enablers,"Porto Business School
Carregando...
Cancelar inscri√ß√£o de Porto Business School?
N√£o
Cancelar inscri√ß√£o
Processando...
Inscrever-seInscritoCancelar inscri√ß√£o1,57¬†mil Carregando...
Carregando...
Processando...","9 visualiza√ß√µes
0
Gostou deste v√≠deo?
Fa√ßa login para que sua opini√£o seja levada em conta.
Fazer login
1
0
N√£o gostou deste v√≠deo?
Fa√ßa login para que sua opini√£o seja levada em conta.
Fazer login
1",https://i.ytimg.com/vi/SRD0I9dDG2o/maxresdefault.jpg,1280,720,Sara Gomes √© Analytics Strategy Manager (AI) na Accenture em Portugal. Como pode a √°rea de Analytics suportar o nosso neg√≥cio? IT e neg√≥cio - como se complem...,1280,720,,/channel/UC2js2QRbzcKeiCXfp2W6_kw,0.649
665,First Kaggle Competition | MNIST | Top 7% | 99.70% Accuracy |,0,2 visualiza√ß√µes,Publicado em 1 de jun. de 2020,Educa√ß√£o,First Kaggle Competition | MNIST | Top 7% | 99.70% Accuracy |,"Ashish Jangra
Carregando...
Cancelar inscri√ß√£o de Ashish Jangra?
N√£o
Cancelar inscri√ß√£o
Processando...
Inscrever-seInscritoCancelar inscri√ß√£o26 Carregando...
Carregando...
Processando...","2 visualiza√ß√µes
4
Gostou deste v√≠deo?
Fa√ßa login para que sua opini√£o seja levada em conta.
Fazer login
5
0
N√£o gostou deste v√≠deo?
Fa√ßa login para que sua opini√£o seja levada em conta.
Fazer login
1",https://i.ytimg.com/vi/TdEb7m0OGa4/maxresdefault.jpg,1280,720,"This Video is to make you understand How to go for a data science competition on Kaggle, How to use Kaggle, How to approach the problem, Data Processing, and...",1280,720,,/channel/UCWj8pyoryW4du2zPYXMqsKg,0.498
666,Kaggle Earthquake Prediction Challenge,1,52.556 visualiza√ß√µes,Publicado em 18 de fev. de 2019,Educa√ß√£o,Kaggle Earthquake Prediction Challenge,"Siraj Raval
Carregando...
Cancelar inscri√ß√£o de Siraj Raval?
N√£o
Cancelar inscri√ß√£o
Processando...
Inscrever-seInscritoCancelar inscri√ß√£o707¬†mil Carregando...
Carregando...
Processando...","52.556 visualiza√ß√µes
1.414
Gostou deste v√≠deo?
Fa√ßa login para que sua opini√£o seja levada em conta.
Fazer login
1.415
53
N√£o gostou deste v√≠deo?
Fa√ßa login para que sua opini√£o seja levada em conta.
Fazer login
54",https://i.ytimg.com/vi/TffGdSsWKlA/hqdefault.jpg,480,360,Data Science coding challenge time! The popular Data Science competition website Kaggle has an ongoing competition to solve the problem of earthquake predict...,1280,720,competition,/channel/UCWN3xxRkmTPmbKwht9FuE5A,0.591
712,DATA SCIENCE ‡Æé‡Æ©‡Øç‡Æ±‡Ææ‡Æ≤‡Øç ‡Æé‡Æ©‡Øç‡Æ©? (Tamil),0,22.105 visualiza√ß√µes,Publicado em 15 de dez. de 2018,Pessoas e blogs,DATA SCIENCE ‡Æé‡Æ©‡Øç‡Æ±‡Ææ‡Æ≤‡Øç ‡Æé‡Æ©‡Øç‡Æ©? (Tamil),"Matt Engineering Equipments
Carregando...
Cancelar inscri√ß√£o de Matt Engineering Equipments?
N√£o
Cancelar inscri√ß√£o
Processando...
Inscrever-seInscritoCancelar inscri√ß√£o Carregando...
Carregando...
Processando...","22.105 visualiza√ß√µes
784
Gostou deste v√≠deo?
Fa√ßa login para que sua opini√£o seja levada em conta.
Fazer login
785
18
N√£o gostou deste v√≠deo?
Fa√ßa login para que sua opini√£o seja levada em conta.
Fazer login
19",https://i.ytimg.com/vi/Vs_ko7lF71w/maxresdefault.jpg,1280,720,"Data science is a multidisciplinary blend of data inference, algorithm technology and development in order to solve analytically difficult problems. Watch ou...",640,360,recent technologies in tamil,/channel/UC67EYmlVbMyypqMO4fckmIw,0.567
730,CHULA MOOC Achieve | Data Science Pathway,0,16.801 visualiza√ß√µes,Publicado em 14 de ago. de 2018,Educa√ß√£o,CHULA MOOC Achieve | Data Science Pathway,"CHULA MOOC Achieve
Carregando...
Cancelar inscri√ß√£o de CHULA MOOC Achieve?
N√£o
Cancelar inscri√ß√£o
Processando...
Inscrever-seInscritoCancelar inscri√ß√£o439 Carregando...
Carregando...
Processando...","16.801 visualiza√ß√µes
45
Gostou deste v√≠deo?
Fa√ßa login para que sua opini√£o seja levada em conta.
Fazer login
46
0
N√£o gostou deste v√≠deo?
Fa√ßa login para que sua opini√£o seja levada em conta.
Fazer login
1",https://i.ytimg.com/vi/WUqP_bO1Fiw/maxresdefault.jpg,1280,720,CHULA MOOC Achieve | Data Science Pathway ‡∏™‡∏°‡∏±‡∏Ñ‡∏£‡πÄ‡∏£‡∏µ‡∏¢‡∏ô‡πÄ‡∏•‡∏¢ ! https://www.chulamoocachieve.com/pathway/data-science CHULA MOOC Achieve ‡∏Ñ‡∏≠‡∏£‡πå‡∏™‡πÄ‡∏£‡∏µ‡∏¢‡∏ô‡∏≠‡∏≠‡∏ô‡πÑ‡∏•‡∏ô‡πå‡∏™‡∏∏‡∏î‡∏ó‡∏±‡∏ô‡∏™‡∏°‡∏±...,1280,720,science,/channel/UCfvY0wBDnzihn6yLVNwpu_g,0.592
740,How To Get A Job in Machine Learning (No Degree Required $121k Salary),0,138.202 visualiza√ß√µes,Publicado em 7 de jul. de 2018,,How To Get A Job in Machine Learning (No Degree Required $121k Salary),"Matt Tran
Carregando...
Cancelar inscri√ß√£o de Matt Tran?
N√£o
Cancelar inscri√ß√£o
Processando...
Inscrever-seInscritoCancelar inscri√ß√£o435¬†mil Carregando...
Carregando...
Processando...","138.202 visualiza√ß√µes
3.794
Gostou deste v√≠deo?
Fa√ßa login para que sua opini√£o seja levada em conta.
Fazer login
3.795
387
N√£o gostou deste v√≠deo?
Fa√ßa login para que sua opini√£o seja levada em conta.
Fazer login
388",https://i.ytimg.com/vi/WtbejUEcPaU/maxresdefault.jpg,1280,720,Joel began writing code at age 13 selling his first technology by age 18 for one million dollars. Use AI to find you a job in tech: http://www.engineeredtrut...,1280,720,how to get a job,/channel/UChj0w0duKtp7SDd_X9CNptw,0.488
754,"Stanford CS224N: NLP with Deep Learning | Winter 2019 | Lecture 8 ‚Äì Translation, Seq2Seq, Attention",0,41.780 visualiza√ß√µes,Publicado em 2 de mai. de 2019,Educa√ß√£o,"Stanford CS224N: NLP with Deep Learning | Winter 2019 | Lecture 8 ‚Äì Translation, Seq2Seq, Attention","stanfordonline
Carregando...
Cancelar inscri√ß√£o de stanfordonline?
N√£o
Cancelar inscri√ß√£o
Processando...
Inscrever-seInscritoCancelar inscri√ß√£o169¬†mil Carregando...
Carregando...
Processando...","41.780 visualiza√ß√µes
570
Gostou deste v√≠deo?
Fa√ßa login para que sua opini√£o seja levada em conta.
Fazer login
571
9
N√£o gostou deste v√≠deo?
Fa√ßa login para que sua opini√£o seja levada em conta.
Fazer login
10",https://i.ytimg.com/vi/XXtpJxZBa2c/maxresdefault.jpg,1280,720,"Professor Christopher Manning & PhD Candidate Abigail See, Stanford University http://onlinehub.stanford.edu/ Professor Christopher Manning Thomas M. Siebel ...",1280,720,,/channel/UCBa5G_ESCn8Yd4vw5U-gIcg,0.794
764,Kaggle Meetup: Using News to Predict Stock Movements,1,1.533 visualiza√ß√µes,Publicado em 21 de fev. de 2019,Ci√™ncia e tecnologia,Kaggle Meetup: Using News to Predict Stock Movements,"Learn Data Science
Carregando...
Cancelar inscri√ß√£o de Learn Data Science?
N√£o
Cancelar inscri√ß√£o
Processando...
Inscrever-seInscritoCancelar inscri√ß√£o681 Carregando...
Carregando...
Processando...","1.533 visualiza√ß√µes
31
Gostou deste v√≠deo?
Fa√ßa login para que sua opini√£o seja levada em conta.
Fazer login
32
1
N√£o gostou deste v√≠deo?
Fa√ßa login para que sua opini√£o seja levada em conta.
Fazer login
2",https://i.ytimg.com/vi/Y5JEWl8yNGk/maxresdefault.jpg,1280,720,Kaggle page: https://www.kaggle.com/c/two-sigma-financial-news Meetup page: https://www.meetup.com/LearnDataScience/events/fbczqqyzdbcc/ Slides: https://docs...,1280,720,yvr,/channel/UCJhW_16uxALr0X4olEW2p5A,0.468
783,LANL Earthquake Prediction | Hideki Murata (currypurin) | Kaggle Days,0,1.413 visualiza√ß√µes,Publicado em 30 de jan. de 2020,Ci√™ncia e tecnologia,LANL Earthquake Prediction | Hideki Murata (currypurin) | Kaggle Days,"Kaggle
Carregando...
Cancelar inscri√ß√£o de Kaggle?
N√£o
Cancelar inscri√ß√£o
Processando...
Inscrever-seInscritoCancelar inscri√ß√£o54,2¬†mil Carregando...
Carregando...
Processando...","1.413 visualiza√ß√µes
38
Gostou deste v√≠deo?
Fa√ßa login para que sua opini√£o seja levada em conta.
Fazer login
39
1
N√£o gostou deste v√≠deo?
Fa√ßa login para que sua opini√£o seja levada em conta.
Fazer login
2",https://i.ytimg.com/vi/Z0F7e5eidsk/maxresdefault.jpg,1280,720,"Japanese language. Kaggle Days Tokyo took place on December 11-12, 2019 at Mori Tower, Roppongi Hills, Tokyo. This was the 6th edition of our signature two-d...",1280,720,CS,/channel/UCSNeZleDn9c74yQc-EKnVTA,0.602
854,VERƒ∞ Bƒ∞Lƒ∞Mƒ∞ ( DATA SCIENCE ) NEDƒ∞R ?,0,15.921 visualiza√ß√µes,Publicado em 31 de jul. de 2019,Educa√ß√£o,VERƒ∞ Bƒ∞Lƒ∞Mƒ∞ ( DATA SCIENCE ) NEDƒ∞R ?,"Data Forest TR
Carregando...
Cancelar inscri√ß√£o de Data Forest TR?
N√£o
Cancelar inscri√ß√£o
Processando...
Inscrever-seInscritoCancelar inscri√ß√£o3,37¬†mil Carregando...
Carregando...
Processando...","15.921 visualiza√ß√µes
462
Gostou deste v√≠deo?
Fa√ßa login para que sua opini√£o seja levada em conta.
Fazer login
463
14
N√£o gostou deste v√≠deo?
Fa√ßa login para que sua opini√£o seja levada em conta.
Fazer login
15",https://i.ytimg.com/vi/bzS-e0yfSp4/maxresdefault.jpg,1280,720,Veri bilimi yani data science nedir ? Veri biliminin a≈üamalarƒ± nelerdir? Big data neden √∂nemli? Kanalƒ±mƒ±za abone olmayƒ± unutmayƒ±n. Diƒüer sosyal medya adresle...,1280,720,big data,/channel/UCetKuVUXkqnUiyJUK60g_2Q,0.554
861,Dynamic pricing through data science,0,5.530 visualiza√ß√µes,Publicado em 26 de mar. de 2019,Pessoas e blogs,Dynamic pricing through data science,"Stylianos Kampakis
Carregando...
Cancelar inscri√ß√£o de Stylianos Kampakis?
N√£o
Cancelar inscri√ß√£o
Processando...
Inscrever-seInscritoCancelar inscri√ß√£o350 Carregando...
Carregando...
Processando...","5.530 visualiza√ß√µes
79
Gostou deste v√≠deo?
Fa√ßa login para que sua opini√£o seja levada em conta.
Fazer login
80
3
N√£o gostou deste v√≠deo?
Fa√ßa login para que sua opini√£o seja levada em conta.
Fazer login
4",https://i.ytimg.com/vi/cKPaIsOQslo/maxresdefault.jpg,1280,720,"Data science can be used to optimise prices and help retailers reach a wider audience. This video explains some of the different methods that exist to do so,...",1280,720,yt:cc=on,/channel/UClyTBR1b0ZEcZgWEhFf2POg,0.727
867,Data Science ‡Æ™‡Æ±‡Øç‡Æ±‡Æø ‡Æí‡Æ∞‡ØÅ ‡Æé‡Æ≥‡Æø‡ÆØ ‡Æµ‡Æø‡Æ≥‡Æï‡Øç‡Æï‡ÆÆ‡Øç,0,12.637 visualiza√ß√µes,Publicado em 19 de out. de 2019,Ci√™ncia e tecnologia,Data Science ‡Æ™‡Æ±‡Øç‡Æ±‡Æø ‡Æí‡Æ∞‡ØÅ ‡Æé‡Æ≥‡Æø‡ÆØ ‡Æµ‡Æø‡Æ≥‡Æï‡Øç‡Æï‡ÆÆ‡Øç,"Learn Tech
Carregando...
Cancelar inscri√ß√£o de Learn Tech?
N√£o
Cancelar inscri√ß√£o
Processando...
Inscrever-seInscritoCancelar inscri√ß√£o17¬†mil Carregando...
Carregando...
Processando...","12.637 visualiza√ß√µes
607
Gostou deste v√≠deo?
Fa√ßa login para que sua opini√£o seja levada em conta.
Fazer login
608
4
N√£o gostou deste v√≠deo?
Fa√ßa login para que sua opini√£o seja levada em conta.
Fazer login
5",https://i.ytimg.com/vi/cVxELmATmOU/hqdefault.jpg,480,360,‚óè‚ñ∫Instagram : https://www.instagram.com/sundarssp/ ‚óè‚ñ∫Facebook : https://www.facebook.com/learntechofficial,1280,720,visualization tools,/channel/UCzNFj4KZTV72DsrGoDquVQQ,0.602
869,"Python for Data Analysis Tutorial - Setup, Read File & First Chart",0,108.540 visualiza√ß√µes,Publicado em 2 de nov. de 2018,Ci√™ncia e tecnologia,"Python for Data Analysis Tutorial - Setup, Read File & First Chart","Academind
Carregando...
Cancelar inscri√ß√£o de Academind?
N√£o
Cancelar inscri√ß√£o
Processando...
Inscrever-seInscritoCancelar inscri√ß√£o524¬†mil Carregando...
Carregando...
Processando...","108.540 visualiza√ß√µes
2.158
Gostou deste v√≠deo?
Fa√ßa login para que sua opini√£o seja levada em conta.
Fazer login
2.159
40
N√£o gostou deste v√≠deo?
Fa√ßa login para que sua opini√£o seja levada em conta.
Fazer login
41",https://i.ytimg.com/vi/cXP_i5-nTXg/maxresdefault.jpg,1280,720,How can we get started with data analysis or data science - so for example read and change data and also create our first quick chart - in Python? Besides Py...,1280,720,python csv,/channel/UCSJbGtTlrDami-tDGPUV9-w,0.478
886,Elias Bareinboim -- Causal Data Science,0,2.966 visualiza√ß√µes,Publicado em 26 de set. de 2019,,Elias Bareinboim -- Causal Data Science,"CausalAI
Carregando...
Cancelar inscri√ß√£o de CausalAI?
N√£o
Cancelar inscri√ß√£o
Processando...
Inscrever-seInscritoCancelar inscri√ß√£o370 Carregando...
Carregando...
Processando...","2.966 visualiza√ß√µes
48
Gostou deste v√≠deo?
Fa√ßa login para que sua opini√£o seja levada em conta.
Fazer login
49
2
N√£o gostou deste v√≠deo?
Fa√ßa login para que sua opini√£o seja levada em conta.
Fazer login
3",https://i.ytimg.com/vi/dUsokjG4DHc/maxresdefault.jpg,1280,720,"Talk by Professor Elias Bareinboim on ""Causal Data Science: A general framework for data fusion and causal inference"", which took place at Columbia Universit...",1280,720,causal effects,/channel/UCb4sDyXhAr8zmI3Sv_TXMaA,0.736
901,Solving real world data science tasks with Python Pandas!,1,174.783 visualiza√ß√µes,Publicado em 13 de jan. de 2020,Educa√ß√£o,Solving real world data science tasks with Python Pandas!,"Keith Galli
Carregando...
Cancelar inscri√ß√£o de Keith Galli?
N√£o
Cancelar inscri√ß√£o
Processando...
Inscrever-seInscritoCancelar inscri√ß√£o51,9¬†mil Carregando...
Carregando...
Processando...","174.783 visualiza√ß√µes
6.937
Gostou deste v√≠deo?
Fa√ßa login para que sua opini√£o seja levada em conta.
Fazer login
6.938
52
N√£o gostou deste v√≠deo?
Fa√ßa login para que sua opini√£o seja levada em conta.
Fazer login
53",https://i.ytimg.com/vi/eMOA1pPVUc4/hqdefault.jpg,480,360,In this video we use Python Pandas & Python Matplotlib to analyze and answer business questions about 12 months worth of sales data. The data contains hundre...,1280,720,panda,/channel/UCq6XkhO5SZ66N04IcPbqNcw,0.433
918,DATA SCIENCE,0,2.760 visualiza√ß√µes,Transmitido ao vivo em 27 de mai. de 2020,Educa√ß√£o,DATA SCIENCE,"E-learning Galileo
Carregando...
Cancelar inscri√ß√£o de E-learning Galileo?
N√£o
Cancelar inscri√ß√£o
Processando...
Inscrever-seInscritoCancelar inscri√ß√£o2,73¬†mil Carregando...
Carregando...
Processando...","2.760 visualiza√ß√µes
104
Gostou deste v√≠deo?
Fa√ßa login para que sua opini√£o seja levada em conta.
Fazer login
105
2
N√£o gostou deste v√≠deo?
Fa√ßa login para que sua opini√£o seja levada em conta.
Fazer login
3",https://i.ytimg.com/vi/fH_RLkPwMiM/hqdefault.jpg,480,360,IIO ROCAEL,1280,720,,/channel/UCYF3XZpUybXgZ4I28RgG27w,0.589
931,Machine Learning Tutorial Python - 7: Training and Testing Data,0,100.128 visualiza√ß√µes,Publicado em 9 de ago. de 2018,Educa√ß√£o,"#MachineLearning #PythonMachineLearning #MachineLearningTutorial
Machine Learning Tutorial Python - 7: Training and Testing Data","codebasics
Carregando...
Cancelar inscri√ß√£o de codebasics?
N√£o
Cancelar inscri√ß√£o
Processando...
Inscrever-seInscritoCancelar inscri√ß√£o116¬†mil Carregando...
Carregando...
Processando...","100.128 visualiza√ß√µes
1.378
Gostou deste v√≠deo?
Fa√ßa login para que sua opini√£o seja levada em conta.
Fazer login
1.379
24
N√£o gostou deste v√≠deo?
Fa√ßa login para que sua opini√£o seja levada em conta.
Fazer login
25",https://i.ytimg.com/vi/fwY9Qv96DJY/maxresdefault.jpg,1280,720,sklearn.model_selection.train_test_split method is used in machine learning projects to split available dataset into training and test set. This way you can ...,1280,720,machine learning tutorial for beginners python,/channel/UCh9nVJoWXmFb7sLApWGcLPQ,0.443
937,075. –ö–∞—Ä—å–µ—Ä–∞ –≤ data science: —Ç–∏–ø–∏—á–Ω—ã–µ –æ—à–∏–±–∫–∏ –Ω–∞ —Å–æ–±–µ—Å–µ–¥–æ–≤–∞–Ω–∏–∏ ‚Äì –í–∞–ª–µ—Ä–∏–π –ë–∞–±—É—à–∫–∏–Ω,0,48.447 visualiza√ß√µes,Publicado em 19 de nov. de 2018,Ci√™ncia e tecnologia,075. –ö–∞—Ä—å–µ—Ä–∞ –≤ data science: —Ç–∏–ø–∏—á–Ω—ã–µ –æ—à–∏–±–∫–∏ –Ω–∞ —Å–æ–±–µ—Å–µ–¥–æ–≤–∞–Ω–∏–∏ ‚Äì –í–∞–ª–µ—Ä–∏–π –ë–∞–±—É—à–∫–∏–Ω,"–ö–æ–º–ø—å—é—Ç–µ—Ä–Ω—ã–µ –Ω–∞—É–∫–∏
Carregando...
Cancelar inscri√ß√£o de –ö–æ–º–ø—å—é—Ç–µ—Ä–Ω—ã–µ –Ω–∞—É–∫–∏?
N√£o
Cancelar inscri√ß√£o
Processando...
Inscrever-seInscritoCancelar inscri√ß√£o34¬†mil Carregando...
Carregando...
Processando...","48.447 visualiza√ß√µes
1.366
Gostou deste v√≠deo?
Fa√ßa login para que sua opini√£o seja levada em conta.
Fazer login
1.367
67
N√£o gostou deste v√≠deo?
Fa√ßa login para que sua opini√£o seja levada em conta.
Fazer login
68",https://i.ytimg.com/vi/gGce2JDbJAQ/maxresdefault.jpg,1280,720,"- –ö–∞–∫ –Ω–∞–π—Ç–∏ —Ä–∞–±–æ—Ç—É –≤ Data Science, –µ—Å–ª–∏ —É —Ç–µ–±—è –µ—â–µ –Ω–µ—Ç —Ä–∞–±–æ—á–µ–≥–æ –æ–ø—ã—Ç–∞? - –°—Ç–æ–∏—Ç –ª–∏ —Ç—Ä–∞—Ç–∏—Ç—å –≤—Ä–µ–º—è –Ω–∞ kaggle? - –ö–∞–∫–æ–π –ø—É—Ç—å –¥–æ–ª–∂–µ–Ω –ø—Ä–æ–π—Ç–∏ –¥–∞—Ç–∞ —Å–∞–µ–Ω—Ç–æ–ª–æ–≥, —á—Ç–æ–±—ã —Å...",1280,720,–í–∞–ª–µ—Ä–∏–π –ë–∞–±—É—à–∫–∏–Ω,/channel/UCKFojzto0n4Ab3CRQRZ2zYA,0.559
938,Kaggle Live-Coding: Making text sound old-timey with transformers (Part 5) | Kaggle,0,656 visualiza√ß√µes,Transmitido ao vivo em 15 de fev. de 2019,Ci√™ncia e tecnologia,Kaggle Live-Coding: Making text sound old-timey with transformers (Part 5) | Kaggle,"Kaggle
Carregando...
Cancelar inscri√ß√£o de Kaggle?
N√£o
Cancelar inscri√ß√£o
Processando...
Inscrever-seInscritoCancelar inscri√ß√£o54,2¬†mil Carregando...
Carregando...
Processando...","656 visualiza√ß√µes
19
Gostou deste v√≠deo?
Fa√ßa login para que sua opini√£o seja levada em conta.
Fazer login
20
0
N√£o gostou deste v√≠deo?
Fa√ßa login para que sua opini√£o seja levada em conta.
Fazer login
1",https://i.ytimg.com/vi/gJQpXPcxQWA/maxresdefault.jpg,1280,720,Join Kaggle data scientist Rachael live as she works on data science projects! This week we're going to continue our a project to make current English sound ...,1280,720,competition,/channel/UCSNeZleDn9c74yQc-EKnVTA,0.489
940,Data Science Project - 3 : Feature Engineering (Real Estate Price Prediction Project),0,14.574 visualiza√ß√µes,Publicado em 31 de dez. de 2019,,Data Science Project - 3 : Feature Engineering (Real Estate Price Prediction Project),"codebasics
Carregando...
Cancelar inscri√ß√£o de codebasics?
N√£o
Cancelar inscri√ß√£o
Processando...
Inscrever-seInscritoCancelar inscri√ß√£o116¬†mil Carregando...
Carregando...
Processando...","14.574 visualiza√ß√µes
159
Gostou deste v√≠deo?
Fa√ßa login para que sua opini√£o seja levada em conta.
Fazer login
160
0
N√£o gostou deste v√≠deo?
Fa√ßa login para que sua opini√£o seja levada em conta.
Fazer login
1",https://i.ytimg.com/vi/gMoJIH0prL4/maxresdefault.jpg,1280,720,This data science project series walks through step by step process of how to build a real estate price prediction website. We will first build a model using...,1280,720,,/channel/UCh9nVJoWXmFb7sLApWGcLPQ,0.435
944,How to run Kaggle Course Exercises,0,74 visualiza√ß√µes,Publicado em 23 de abr. de 2020,Educa√ß√£o,How to run Kaggle Course Exercises,"Fascell Tech
Carregando...
Cancelar inscri√ß√£o de Fascell Tech?
N√£o
Cancelar inscri√ß√£o
Processando...
Inscrever-seInscritoCancelar inscri√ß√£o14 Carregando...
Carregando...
Processando...","74 visualiza√ß√µes
9
Gostou deste v√≠deo?
Fa√ßa login para que sua opini√£o seja levada em conta.
Fazer login
10
0
N√£o gostou deste v√≠deo?
Fa√ßa login para que sua opini√£o seja levada em conta.
Fazer login
1",https://i.ytimg.com/vi/gZc9pEg-Aug/hqdefault.jpg,480,360,https://www.kaggle.com/learn/python,1280,720,machine learning,/channel/UCS5fdNFBcRc4Ahv9Bj7S7Vg,0.432
945,Dimensionality Reduction: From Kaggle to Real-World | by Carlos Huertas | Kaggle Days San Francisco,0,732 visualiza√ß√µes,Publicado em 16 de mai. de 2019,Ci√™ncia e tecnologia,Dimensionality Reduction: From Kaggle to Real-World | by Carlos Huertas | Kaggle Days San Francisco,"Kaggle
Carregando...
Cancelar inscri√ß√£o de Kaggle?
N√£o
Cancelar inscri√ß√£o
Processando...
Inscrever-seInscritoCancelar inscri√ß√£o54,2¬†mil Carregando...
Carregando...
Processando...","732 visualiza√ß√µes
34
Gostou deste v√≠deo?
Fa√ßa login para que sua opini√£o seja levada em conta.
Fazer login
35
0
N√£o gostou deste v√≠deo?
Fa√ßa login para que sua opini√£o seja levada em conta.
Fazer login
1",https://i.ytimg.com/vi/gdyuCqmLMUg/hqdefault.jpg,480,360,"Carlos Huertas ""Dimensionality Reduction: From Kaggle to Real-World"" Kaggle Days San Francisco held in April 2019 gathered over 300 participants to meet, lea...",1280,720,kaggle days,/channel/UCSNeZleDn9c74yQc-EKnVTA,0.481
964,Lecture 3 - Locally Weighted & Logistic Regression | Stanford CS229: Machine Learning (Autumn 2018),0,20.012 visualiza√ß√µes,Publicado em 17 de abr. de 2020,,Lecture 3 - Locally Weighted & Logistic Regression | Stanford CS229: Machine Learning (Autumn 2018),"stanfordonline
Carregando...
Cancelar inscri√ß√£o de stanfordonline?
N√£o
Cancelar inscri√ß√£o
Processando...
Inscrever-seInscritoCancelar inscri√ß√£o169¬†mil Carregando...
Carregando...
Processando...","20.012 visualiza√ß√µes
274
Gostou deste v√≠deo?
Fa√ßa login para que sua opini√£o seja levada em conta.
Fazer login
275
4
N√£o gostou deste v√≠deo?
Fa√ßa login para que sua opini√£o seja levada em conta.
Fazer login
5",https://i.ytimg.com/vi/het9HFqo1TQ/maxresdefault.jpg,1280,720,Take an adapted version of this course as part of the Stanford Artificial Intelligence Professional Program. Learn more at: https://stanford.io/3bhmLce Andre...,1280,720,,/channel/UCBa5G_ESCn8Yd4vw5U-gIcg,0.474
970,MIT 6.S191 (2019): Deep Reinforcement Learning,0,58.208 visualiza√ß√µes,Publicado em 12 de fev. de 2019,Ci√™ncia e tecnologia,MIT 6.S191 (2019): Deep Reinforcement Learning,"Alexander Amini
Carregando...
Cancelar inscri√ß√£o de Alexander Amini?
N√£o
Cancelar inscri√ß√£o
Processando...
Inscrever-seInscritoCancelar inscri√ß√£o54¬†mil Carregando...
Carregando...
Processando...","58.208 visualiza√ß√µes
932
Gostou deste v√≠deo?
Fa√ßa login para que sua opini√£o seja levada em conta.
Fazer login
933
8
N√£o gostou deste v√≠deo?
Fa√ßa login para que sua opini√£o seja levada em conta.
Fazer login
9",https://i.ytimg.com/vi/i6Mi2_QM3rA/maxresdefault.jpg,1280,720,"MIT Introduction to Deep Learning 6.S191: Lecture 5 Deep Reinforcement Learning Lecturer: Alexander Amini January 2019 For all lectures, slides and lab mater...",1280,720,openai,/channel/UCtslD4DGH6PKyG_1gFAX7sg,0.486
971,Kaggle Live-Coding: Code Reviews! | Kaggle,0,1.021 visualiza√ß√µes,Transmitido ao vivo em 1 de mar. de 2019,Ci√™ncia e tecnologia,Kaggle Live-Coding: Code Reviews! | Kaggle,"Kaggle
Carregando...
Cancelar inscri√ß√£o de Kaggle?
N√£o
Cancelar inscri√ß√£o
Processando...
Inscrever-seInscritoCancelar inscri√ß√£o54,2¬†mil Carregando...
Carregando...
Processando...","1.021 visualiza√ß√µes
25
Gostou deste v√≠deo?
Fa√ßa login para que sua opini√£o seja levada em conta.
Fazer login
26
0
N√£o gostou deste v√≠deo?
Fa√ßa login para que sua opini√£o seja levada em conta.
Fazer login
1",https://i.ytimg.com/vi/i6kVLu_Jx7M/maxresdefault.jpg,1280,720,Today we'll be reviewing code instead of writing our own. We'll be looking for: üêû bugs the authors might have missed üéø places we can improve efficiency üî° con...,1280,720,#hoa,/channel/UCSNeZleDn9c74yQc-EKnVTA,0.558
972,Kaggle Live-coding: Emoji Analysis (part 1) | Kaggle,0,5.872 visualiza√ß√µes,Publicado em 16 de mar. de 2018,,Kaggle Live-coding: Emoji Analysis (part 1) | Kaggle,"Kaggle
Carregando...
Cancelar inscri√ß√£o de Kaggle?
N√£o
Cancelar inscri√ß√£o
Processando...
Inscrever-seInscritoCancelar inscri√ß√£o54,2¬†mil Carregando...
Carregando...
Processando...","5.872 visualiza√ß√µes
64
Gostou deste v√≠deo?
Fa√ßa login para que sua opini√£o seja levada em conta.
Fazer login
65
0
N√£o gostou deste v√≠deo?
Fa√ßa login para que sua opini√£o seja levada em conta.
Fazer login
1",https://i.ytimg.com/vi/i92VI289zWw/maxresdefault.jpg,1280,720,"Join Kaggle Data Scientist Rachael as she starts a project to analyze patterns of emoji usage. In this section, she picks datasets to use and figures out wha...",640,360,CS,/channel/UCSNeZleDn9c74yQc-EKnVTA,0.48
976,Demystifying Data Science | Mr.Asitang Mishra | TEDxOakLawn,0,39.108 visualiza√ß√µes,Publicado em 23 de jul. de 2019,Sem fins lucrativos/ativismo,Demystifying Data Science | Mr.Asitang Mishra | TEDxOakLawn,"TEDx Talks
Carregando...
Cancelar inscri√ß√£o de TEDx Talks?
N√£o
Cancelar inscri√ß√£o
Processando...
Inscrever-seInscritoCancelar inscri√ß√£o25,1¬†mi Carregando...
Carregando...
Processando...","39.108 visualiza√ß√µes
893
Gostou deste v√≠deo?
Fa√ßa login para que sua opini√£o seja levada em conta.
Fazer login
894
26
N√£o gostou deste v√≠deo?
Fa√ßa login para que sua opini√£o seja levada em conta.
Fazer login
27",https://i.ytimg.com/vi/iJUzouXg5kY/maxresdefault.jpg,1280,720,"In this talk Mr.Asitang Mishra relates his experiences as a Data Scientist at the world famous NASA Jet Propulsion Laboratory (JPL). With his wit, intellect,...",1280,720,Technology,/channel/UCsT0YIqwnpJCM-mx7-gSA4Q,0.557
979,Real Stories from a Panel of Successful Career Switchers | Kaggle,0,4.334 visualiza√ß√µes,Transmitido ao vivo em 22 de mar. de 2018,,Real Stories from a Panel of Successful Career Switchers | Kaggle,"Kaggle
Carregando...
Cancelar inscri√ß√£o de Kaggle?
N√£o
Cancelar inscri√ß√£o
Processando...
Inscrever-seInscritoCancelar inscri√ß√£o54,2¬†mil Carregando...
Carregando...
Processando...","4.334 visualiza√ß√µes
81
Gostou deste v√≠deo?
Fa√ßa login para que sua opini√£o seja levada em conta.
Fazer login
82
0
N√£o gostou deste v√≠deo?
Fa√ßa login para que sua opini√£o seja levada em conta.
Fazer login
1",https://i.ytimg.com/vi/iP0Fxg4oqUQ/maxresdefault.jpg,1280,720,SUBSCRIBE: http://www.youtube.com/user/kaggledotcom?sub_confirmation=1&utm_medium=youtube&utm_source=channel&utm_campaign=yt-sub About Kaggle: Kaggle is the ...,1280,720,CS,/channel/UCSNeZleDn9c74yQc-EKnVTA,0.479
990,Kaggle Live-Coding: Are people more likely to use datasets with starter scripts? | Kaggle,0,1.302 visualiza√ß√µes,Transmitido ao vivo em 22 de mar. de 2019,Ci√™ncia e tecnologia,Kaggle Live-Coding: Are people more likely to use datasets with starter scripts? | Kaggle,"Kaggle
Carregando...
Cancelar inscri√ß√£o de Kaggle?
N√£o
Cancelar inscri√ß√£o
Processando...
Inscrever-seInscritoCancelar inscri√ß√£o54,2¬†mil Carregando...
Carregando...
Processando...","1.302 visualiza√ß√µes
27
Gostou deste v√≠deo?
Fa√ßa login para que sua opini√£o seja levada em conta.
Fazer login
28
0
N√£o gostou deste v√≠deo?
Fa√ßa login para que sua opini√£o seja levada em conta.
Fazer login
1",https://i.ytimg.com/vi/jDhvePcNF9I/hqdefault.jpg,480,360,Join Kaggle Data Scientist Rachael as she works on data science projects! Today we'll be looking at Kaggle's own data to figure out whether people are more l...,1280,720,technology,/channel/UCSNeZleDn9c74yQc-EKnVTA,0.56
994,Lecture 1 - Welcome | Stanford CS229: Machine Learning (Autumn 2018),0,148.566 visualiza√ß√µes,Publicado em 17 de abr. de 2020,Educa√ß√£o,Lecture 1 - Welcome | Stanford CS229: Machine Learning (Autumn 2018),"stanfordonline
Carregando...
Cancelar inscri√ß√£o de stanfordonline?
N√£o
Cancelar inscri√ß√£o
Processando...
Inscrever-seInscritoCancelar inscri√ß√£o169¬†mil Carregando...
Carregando...
Processando...","148.566 visualiza√ß√µes
2.887
Gostou deste v√≠deo?
Fa√ßa login para que sua opini√£o seja levada em conta.
Fazer login
2.888
21
N√£o gostou deste v√≠deo?
Fa√ßa login para que sua opini√£o seja levada em conta.
Fazer login
22",https://i.ytimg.com/vi/jGwO_UgTS7I/maxresdefault.jpg,1280,720,Take an adapted version of this course as part of the Stanford Artificial Intelligence Professional Program. Learn more at: https://stanford.io/3bhmLce Andre...,1280,720,,/channel/UCBa5G_ESCn8Yd4vw5U-gIcg,0.484
1003,–ß—Ç–æ —Ç–∞–∫–æ–µ Data Science (–Ω–∞—É–∫–∞ –æ –¥–∞–Ω–Ω—ã—Ö) –ø—Ä–æ—Å—Ç—ã–º–∏ —Å–ª–æ–≤–∞–º–∏,0,9.462 visualiza√ß√µes,Publicado em 1 de set. de 2019,Educa√ß√£o,"#codeblog #–ø—Ä–æ–≥—Ä–∞–º–º–∏—Ä–æ–≤–∞–Ω–∏–µ #datascience
–ß—Ç–æ —Ç–∞–∫–æ–µ Data Science (–Ω–∞—É–∫–∞ –æ –¥–∞–Ω–Ω—ã—Ö) –ø—Ä–æ—Å—Ç—ã–º–∏ —Å–ª–æ–≤–∞–º–∏","CODE BLOG - –ü—Ä–æ–≥—Ä–∞–º–º–∏—Ä–æ–≤–∞–Ω–∏–µ –∏ C#
Carregando...
Cancelar inscri√ß√£o de CODE BLOG - –ü—Ä–æ–≥—Ä–∞–º–º–∏—Ä–æ–≤–∞–Ω–∏–µ –∏ C#?
N√£o
Cancelar inscri√ß√£o
Processando...
Inscrever-seInscritoCancelar inscri√ß√£o50,9¬†mil Carregando...
Carregando...
Processando...","9.462 visualiza√ß√µes
603
Gostou deste v√≠deo?
Fa√ßa login para que sua opini√£o seja levada em conta.
Fazer login
604
27
N√£o gostou deste v√≠deo?
Fa√ßa login para que sua opini√£o seja levada em conta.
Fazer login
28",https://i.ytimg.com/vi/jgLWVHHUIYE/maxresdefault.jpg,1280,720,–ó–∞–ø–∏—Å—ã–≤–∞–π—Å—è –Ω–∞ –≥–æ–¥–æ–≤–æ–π –∫—É—Ä—Å –ø–æ Data Science —à–∫–æ–ª—ã –¥–∞–Ω–Ω—ã—Ö SkillFactory: https://clc.to/FMZ_dg. –ê –ø–æ –ø—Ä–æ–º–æ–∫–æ–¥—É CODE BLOG –º–æ–∂–Ω–æ –ø–æ–ª—É—á–∏—Ç—å —Å–∫–∏–¥—É 10%. Data Science...,1280,720,–∏—Å–∫—É—Å—Å—Ç–≤–µ–Ω–Ω—ã–π –∏–Ω—Ç–µ–ª–ª–µ–∫—Ç,/channel/UCKCUvcAFFR4UxI9XWVERSkA,0.636
1018,How to start machine learning as a software engineer in 5 steps!,0,96.614 visualiza√ß√µes,Publicado em 4 de mai. de 2019,Educa√ß√£o,How to start machine learning as a software engineer in 5 steps!,"Gaurav Sen
Carregando...
Cancelar inscri√ß√£o de Gaurav Sen?
N√£o
Cancelar inscri√ß√£o
Processando...
Inscrever-seInscritoCancelar inscri√ß√£o235¬†mil Carregando...
Carregando...
Processando...","96.614 visualiza√ß√µes
2.560
Gostou deste v√≠deo?
Fa√ßa login para que sua opini√£o seja levada em conta.
Fazer login
2.561
138
N√£o gostou deste v√≠deo?
Fa√ßa login para que sua opini√£o seja levada em conta.
Fazer login
139",https://i.ytimg.com/vi/k6lYkR0A6iI/maxresdefault.jpg,1280,720,"These are 5 tips to keep in mind when switching from software engineering to machine learning. As a full time software engineer, it's difficult to spare time...",1280,720,gaurav sen,/channel/UCRPMAqdtSgd0Ipeef7iFsKw,0.442
1020,Can two high school students use machine learning to predict wildfires?,1,188.953 visualiza√ß√µes,Publicado em 17 de set. de 2018,Ci√™ncia e tecnologia,Can two high school students use machine learning to predict wildfires?,"Google
Carregando...
Cancelar inscri√ß√£o de Google?
N√£o
Cancelar inscri√ß√£o
Processando...
Inscrever-seInscritoCancelar inscri√ß√£o9,04¬†mi Carregando...
Carregando...
Processando...","188.953 visualiza√ß√µes
6.244
Gostou deste v√≠deo?
Fa√ßa login para que sua opini√£o seja levada em conta.
Fazer login
6.245
233
N√£o gostou deste v√≠deo?
Fa√ßa login para que sua opini√£o seja levada em conta.
Fazer login
234",https://i.ytimg.com/vi/kAL2CZ7pXm8/maxresdefault.jpg,1280,720,"Aditya Shah and Sanjana Shah, two friends and high school students from Cupertino, California, wanted to figure out a way to use technology to help prevent w...",1280,720,tensorflow,/channel/UCK8sQmJBp8GCxrOtXWBpyEA,0.496
1024,Stanford CS224N: NLP with Deep Learning | Winter 2019 | Lecture 2 ‚Äì Word Vectors and Word Senses,0,92.174 visualiza√ß√µes,Publicado em 11 de mar. de 2019,Educa√ß√£o,Stanford CS224N: NLP with Deep Learning | Winter 2019 | Lecture 2 ‚Äì Word Vectors and Word Senses,"stanfordonline
Carregando...
Cancelar inscri√ß√£o de stanfordonline?
N√£o
Cancelar inscri√ß√£o
Processando...
Inscrever-seInscritoCancelar inscri√ß√£o169¬†mil Carregando...
Carregando...
Processando...","92.174 visualiza√ß√µes
782
Gostou deste v√≠deo?
Fa√ßa login para que sua opini√£o seja levada em conta.
Fazer login
783
12
N√£o gostou deste v√≠deo?
Fa√ßa login para que sua opini√£o seja levada em conta.
Fazer login
13",https://i.ytimg.com/vi/kEMJRjEdNzM/maxresdefault.jpg,1280,720,Take an adapted version of this course as part of the Stanford Artificial Intelligence Professional Program. Learn more at: https://stanford.io/2YdUtfp Profe...,1280,720,,/channel/UCBa5G_ESCn8Yd4vw5U-gIcg,0.84
1058,5 Ways Data Science Changed Finance,0,7.525 visualiza√ß√µes,Publicado em 22 de jan. de 2020,,"#data #science #finance
5 Ways Data Science Changed Finance","365 Data Science
Carregando...
Cancelar inscri√ß√£o de 365 Data Science?
N√£o
Cancelar inscri√ß√£o
Processando...
Inscrever-seInscritoCancelar inscri√ß√£o104¬†mil Carregando...
Carregando...
Processando...","7.525 visualiza√ß√µes
297
Gostou deste v√≠deo?
Fa√ßa login para que sua opini√£o seja levada em conta.
Fazer login
298
0
N√£o gostou deste v√≠deo?
Fa√ßa login para que sua opini√£o seja levada em conta.
Fazer login
1",https://i.ytimg.com/vi/l_FGeEvqYyM/hqdefault.jpg,480,360,"Did data science change the finance industry? And if it did -- how? Well, of course, data science in finance changed the industry massively! ‚úÖGet 20% OFF the...",1280,720,data analyst finance,/channel/UCEBpSZhI1X8WaP-kY_2LLcg,0.632
1090,How I Learned Data Science,0,25.321 visualiza√ß√µes,Publicado em 27 de jan. de 2020,Pessoas e blogs,"#DataScience #KenJee
How I Learned Data Science","Ken Jee
Carregando...
Cancelar inscri√ß√£o de Ken Jee?
N√£o
Cancelar inscri√ß√£o
Processando...
Inscrever-seInscritoCancelar inscri√ß√£o33,8¬†mil Carregando...
Carregando...
Processando...","25.321 visualiza√ß√µes
793
Gostou deste v√≠deo?
Fa√ßa login para que sua opini√£o seja levada em conta.
Fazer login
794
9
N√£o gostou deste v√≠deo?
Fa√ßa login para que sua opini√£o seja levada em conta.
Fazer login
10",https://i.ytimg.com/vi/n3vw0M5RrPU/maxresdefault.jpg,1280,720,"In this video I talk about my journey to learning data science. I didn't go about it the conventional way, but my path taught me the skills and got me into a...",1280,720,data science course,/channel/UCiT9RITQ9PW6BhXK0y2jaeg,0.458
1091,Drag & Drop Data Science,0,20.514 visualiza√ß√µes,Publicado em 5 de set. de 2018,Ci√™ncia e tecnologia,Drag & Drop Data Science,"KNIMETV
Carregando...
Cancelar inscri√ß√£o de KNIMETV?
N√£o
Cancelar inscri√ß√£o
Processando...
Inscrever-seInscritoCancelar inscri√ß√£o11,6¬†mil Carregando...
Carregando...
Processando...","20.514 visualiza√ß√µes
97
Gostou deste v√≠deo?
Fa√ßa login para que sua opini√£o seja levada em conta.
Fazer login
98
6
N√£o gostou deste v√≠deo?
Fa√ßa login para que sua opini√£o seja levada em conta.
Fazer login
7",https://i.ytimg.com/vi/n8HbUUc51fc/hqdefault.jpg,480,360,Build your own data science application step-by-step using the intuitive and visual user interface of KNIME Analytics Platform. KNIME Analytics Platform is a...,1280,720,yt:cc=on,/channel/UCRbKmV_XYB7C12SPBokLVHQ,0.571
1093,Stanford CS224N: NLP with Deep Learning | Winter 2019 | Lecture 5 ‚Äì Dependency Parsing,0,37.532 visualiza√ß√µes,Publicado em 11 de mar. de 2019,Educa√ß√£o,Stanford CS224N: NLP with Deep Learning | Winter 2019 | Lecture 5 ‚Äì Dependency Parsing,"stanfordonline
Carregando...
Cancelar inscri√ß√£o de stanfordonline?
N√£o
Cancelar inscri√ß√£o
Processando...
Inscrever-seInscritoCancelar inscri√ß√£o169¬†mil Carregando...
Carregando...
Processando...","37.532 visualiza√ß√µes
303
Gostou deste v√≠deo?
Fa√ßa login para que sua opini√£o seja levada em conta.
Fazer login
304
6
N√£o gostou deste v√≠deo?
Fa√ßa login para que sua opini√£o seja levada em conta.
Fazer login
7",https://i.ytimg.com/vi/nC9_RfjYwqA/hqdefault.jpg,480,360,Take an adapted version of this course as part of the Stanford Artificial Intelligence Professional Program. Learn more at: https://stanford.io/2YdUtfp Profe...,1280,720,,/channel/UCBa5G_ESCn8Yd4vw5U-gIcg,0.789
1108,How to Get Started with Machine Learning & AI,0,72.458 visualiza√ß√µes,Publicado em 29 de set. de 2019,Educa√ß√£o,"#AI #MachineLearning
How to Get Started with Machine Learning & AI","Tech With Tim
Carregando...
Cancelar inscri√ß√£o de Tech With Tim?
N√£o
Cancelar inscri√ß√£o
Processando...
Inscrever-seInscritoCancelar inscri√ß√£o291¬†mil Carregando...
Carregando...
Processando...","72.458 visualiza√ß√µes
3.674
Gostou deste v√≠deo?
Fa√ßa login para que sua opini√£o seja levada em conta.
Fazer login
3.675
48
N√£o gostou deste v√≠deo?
Fa√ßa login para que sua opini√£o seja levada em conta.
Fazer login
49",https://i.ytimg.com/vi/nl7kDPYD20A/maxresdefault.jpg,1280,720,So how do you get started with machine learning and AI? What should you learn first? Well in this video I will be discussing the exact things you need to lea...,1280,720,machine learning getting started,/channel/UC4JX40jDee_tINbkjycV4Sg,0.517
1126,Neural Networks and Deep Learning: Crash Course AI #3,0,148.485 visualiza√ß√µes,Publicado em 23 de ago. de 2019,Educa√ß√£o,"#CrashCourse #ArtificialIntelligence #MachineLearning
Neural Networks and Deep Learning: Crash Course AI #3","CrashCourse
Carregando...
Cancelar inscri√ß√£o de CrashCourse?
N√£o
Cancelar inscri√ß√£o
Processando...
Inscrever-seInscritoCancelar inscri√ß√£o10,9¬†mi Carregando...
Carregando...
Processando...","148.485 visualiza√ß√µes
3.982
Gostou deste v√≠deo?
Fa√ßa login para que sua opini√£o seja levada em conta.
Fazer login
3.983
97
N√£o gostou deste v√≠deo?
Fa√ßa login para que sua opini√£o seja levada em conta.
Fazer login
98",https://i.ytimg.com/vi/oV3ZY6tJiA0/maxresdefault.jpg,1280,720,"You can learn more about CuriosityStream at https://curiositystream.com/crashcourse. Today, we're going to combine the artificial neuron we created last week...",1280,720,artificial neural network,/channel/UCX6b17PVsYBQ0ip5gyeme-Q,0.506
1135,Checking out a Data Science Workstation,0,117.062 visualiza√ß√µes,Publicado em 5 de out. de 2019,Educa√ß√£o,Checking out a Data Science Workstation,"sentdex
Carregando...
Cancelar inscri√ß√£o de sentdex?
N√£o
Cancelar inscri√ß√£o
Processando...
Inscrever-seInscritoCancelar inscri√ß√£o892¬†mil Carregando...
Carregando...
Processando...","117.062 visualiza√ß√µes
2.341
Gostou deste v√≠deo?
Fa√ßa login para que sua opini√£o seja levada em conta.
Fazer login
2.342
76
N√£o gostou deste v√≠deo?
Fa√ßa login para que sua opini√£o seja levada em conta.
Fazer login
77",https://i.ytimg.com/vi/p9bkz3hxrSM/maxresdefault.jpg,1280,720,Checking out Lenovo's top of the line P920 Data Science Workstation. Channel membership: https://www.youtube.com/channel/UCfzlCWGWYyIQ0aLC5w48gBQ/join Discor...,1280,720,computer,/channel/UCfzlCWGWYyIQ0aLC5w48gBQ,0.537
1137,Get a DATA SCIENCE JOB with this TIP!,0,31.392 visualiza√ß√µes,Publicado em 21 de jun. de 2019,Entretenimento,Get a DATA SCIENCE JOB with this TIP!,"Python Programmer
Carregando...
Cancelar inscri√ß√£o de Python Programmer?
N√£o
Cancelar inscri√ß√£o
Processando...
Inscrever-seInscritoCancelar inscri√ß√£o172¬†mil Carregando...
Carregando...
Processando...","31.392 visualiza√ß√µes
2.123
Gostou deste v√≠deo?
Fa√ßa login para que sua opini√£o seja levada em conta.
Fazer login
2.124
18
N√£o gostou deste v√≠deo?
Fa√ßa login para que sua opini√£o seja levada em conta.
Fazer login
19",https://i.ytimg.com/vi/pGa43NUXng4/maxresdefault.jpg,1280,720,This tip will help you get a job in DATA SCIENCE. üëå SUBSCRIBE üëå https://www.youtube.com/channel/UC68KSmHePPePCjW4v57VPQg?sub_confirmation=1 My Patreon: https...,1280,720,how to get a data science job,/channel/UC68KSmHePPePCjW4v57VPQg,0.607
1155,Decision Tree Algorithm | Decision Tree in Python | Machine Learning Algorithms | Edureka,1,204.751 visualiza√ß√µes,Publicado em 14 de jun. de 2018,Educa√ß√£o,"#decisiontree #decisiontreepython #machinelearningalgorithms
Decision Tree Algorithm | Decision Tree in Python | Machine Learning Algorithms | Edureka","edureka!
Carregando...
Cancelar inscri√ß√£o de edureka!?
N√£o
Cancelar inscri√ß√£o
Processando...
Inscrever-seInscritoCancelar inscri√ß√£o1,76¬†mi Carregando...
Carregando...
Processando...","204.751 visualiza√ß√µes
2.224
Gostou deste v√≠deo?
Fa√ßa login para que sua opini√£o seja levada em conta.
Fazer login
2.225
147
N√£o gostou deste v√≠deo?
Fa√ßa login para que sua opini√£o seja levada em conta.
Fazer login
148",https://i.ytimg.com/vi/qDcl-FRnwSU/maxresdefault.jpg,1280,720,** Machine Learning with Python : https://www.edureka.co/machine-learning-certification-training ** This Edureka video on Decision Tree Algorithm in Python w...,1280,720,decision tree classifier,/channel/UCkw4JCwteGrDHIsyIIKo4tQ,0.738
1177,Data Science Project - 1 : Introduction (Real Estate Price Prediction Project),1,26.507 visualiza√ß√µes,Publicado em 31 de dez. de 2019,Educa√ß√£o,Data Science Project - 1 : Introduction (Real Estate Price Prediction Project),"codebasics
Carregando...
Cancelar inscri√ß√£o de codebasics?
N√£o
Cancelar inscri√ß√£o
Processando...
Inscrever-seInscritoCancelar inscri√ß√£o116¬†mil Carregando...
Carregando...
Processando...","26.507 visualiza√ß√µes
412
Gostou deste v√≠deo?
Fa√ßa login para que sua opini√£o seja levada em conta.
Fazer login
413
3
N√£o gostou deste v√≠deo?
Fa√ßa login para que sua opini√£o seja levada em conta.
Fazer login
4",https://i.ytimg.com/vi/rdfbcdP75KI/maxresdefault.jpg,1280,720,This data science project series walks through step by step process of how to build a real estate price prediction website. We will first build a model using...,1280,720,free data science project,/channel/UCh9nVJoWXmFb7sLApWGcLPQ,0.463
1201,Real Talk with Reddit Data Scientist,0,90.836 visualiza√ß√µes,Publicado em 20 de ago. de 2019,Educa√ß√£o,"#springboard #reddit #datascience
Real Talk with Reddit Data Scientist","Springboard
Carregando...
Cancelar inscri√ß√£o de Springboard?
N√£o
Cancelar inscri√ß√£o
Processando...
Inscrever-seInscritoCancelar inscri√ß√£o40,9¬†mil Carregando...
Carregando...
Processando...","90.836 visualiza√ß√µes
1.946
Gostou deste v√≠deo?
Fa√ßa login para que sua opini√£o seja levada em conta.
Fazer login
1.947
28
N√£o gostou deste v√≠deo?
Fa√ßa login para que sua opini√£o seja levada em conta.
Fazer login
29",https://i.ytimg.com/vi/stz12TB72XI/maxresdefault.jpg,1280,720,"Chatting cats & dogs subreddits with Katie, data scientist @Reddit. Learn data science with a job guarantee: https://www.springboard.com/workshops/data-scien...",1280,720,lambda school,/channel/UCqd6TofKNjqagInm5Waeu7w,0.452
1218,Python Toolkit that Used for Two Kaggle Top 10% Leaderboard Finishes,0,5.534 visualiza√ß√µes,Publicado em 14 de jan. de 2019,Ci√™ncia e tecnologia,Python Toolkit that Used for Two Kaggle Top 10% Leaderboard Finishes,"Jeff Heaton
Carregando...
Cancelar inscri√ß√£o de Jeff Heaton?
N√£o
Cancelar inscri√ß√£o
Processando...
Inscrever-seInscritoCancelar inscri√ß√£o32,7¬†mil Carregando...
Carregando...
Processando...","5.534 visualiza√ß√µes
143
Gostou deste v√≠deo?
Fa√ßa login para que sua opini√£o seja levada em conta.
Fazer login
144
4
N√£o gostou deste v√≠deo?
Fa√ßa login para que sua opini√£o seja levada em conta.
Fazer login
5",https://i.ytimg.com/vi/tSzrecBdyJc/maxresdefault.jpg,1280,720,"This is the set of common tools that I've used in Kaggles to place around 7-10% on the leaderboard. Templates are provided for feature engineering, preproces...",480,360,preprocessing,/channel/UCR1-GEpyOPzT2AO4D_eifdw,0.564
1235,Kaggle Live-Coding: Making text sound old-timey with transformers (Part 4) | Kaggle,0,877 visualiza√ß√µes,Transmitido ao vivo em 1 de fev. de 2019,Ci√™ncia e tecnologia,Kaggle Live-Coding: Making text sound old-timey with transformers (Part 4) | Kaggle,"Kaggle
Carregando...
Cancelar inscri√ß√£o de Kaggle?
N√£o
Cancelar inscri√ß√£o
Processando...
Inscrever-seInscritoCancelar inscri√ß√£o54,2¬†mil Carregando...
Carregando...
Processando...","877 visualiza√ß√µes
22
Gostou deste v√≠deo?
Fa√ßa login para que sua opini√£o seja levada em conta.
Fazer login
23
2
N√£o gostou deste v√≠deo?
Fa√ßa login para que sua opini√£o seja levada em conta.
Fazer login
3",https://i.ytimg.com/vi/uFWxY4Zhkpg/maxresdefault.jpg,1280,720,Join Kaggle data scientist Rachael live as she works on data science projects! This week we're going to continue our a project to make current English sound ...,1280,720,CS,/channel/UCSNeZleDn9c74yQc-EKnVTA,0.534
1239,Data Science ‚Äì Baba Brinkman Music Video,0,25.492 visualiza√ß√µes,Publicado em 21 de out. de 2019,M√∫sica,Data Science ‚Äì Baba Brinkman Music Video,"Baba Brinkman
Carregando...
Cancelar inscri√ß√£o de Baba Brinkman?
N√£o
Cancelar inscri√ß√£o
Processando...
Inscrever-seInscritoCancelar inscri√ß√£o6,54¬†mil Carregando...
Carregando...
Processando...","25.492 visualiza√ß√µes
818
Gostou deste v√≠deo?
Fa√ßa login para que sua opini√£o seja levada em conta.
Fazer login
819
15
N√£o gostou deste v√≠deo?
Fa√ßa login para que sua opini√£o seja levada em conta.
Fazer login
16",https://i.ytimg.com/vi/uHGlCi9jOWY/maxresdefault.jpg,1280,720,"Rap battle between a data scientist and a classical statistician, arguing for predictive algorithmic models versus inferential data models respectively. Down...",1280,720,algorithms,/channel/UCz9Qm66ewnY0LAlZlL4HK9g,0.566
1240,Machine Learning in Time Series Forecasting | Kaggle M5 Forecasting Competition Part2: Data & Metric,0,853 visualiza√ß√µes,Publicado em 7 de mar. de 2020,Educa√ß√£o,Machine Learning in Time Series Forecasting | Kaggle M5 Forecasting Competition Part2: Data & Metric,"Quinn Wang
Carregando...
Cancelar inscri√ß√£o de Quinn Wang?
N√£o
Cancelar inscri√ß√£o
Processando...
Inscrever-seInscritoCancelar inscri√ß√£o162 Carregando...
Carregando...
Processando...","853 visualiza√ß√µes
17
Gostou deste v√≠deo?
Fa√ßa login para que sua opini√£o seja levada em conta.
Fazer login
18
0
N√£o gostou deste v√≠deo?
Fa√ßa login para que sua opini√£o seja levada em conta.
Fazer login
1",https://i.ytimg.com/vi/uIDtrrEtaeQ/hqdefault.jpg,480,360,"Kaggle has released a new competition for $100,000 total prize money. In this series we will work together on this competition from start to finish, learning...",1280,720,Evaluation Metrics,/channel/UCgc9e-Ma04hZWogxvw2lp9g,0.48
1282,As TOP 5 Linguagens para INTELIG√äNCIA ARTIFICIAL e MACHINE LEARNING (2019) // Vlog #97,0,33.977 visualiza√ß√µes,Publicado em 20 de jun. de 2019,Ci√™ncia e tecnologia,"#MachineLearning #Intelig√™nciaArtificial #Linguagens
As TOP 5 Linguagens para INTELIG√äNCIA ARTIFICIAL e MACHINE LEARNING (2019) // Vlog #97","C√≥digo Fonte TV
Carregando...
Cancelar inscri√ß√£o de C√≥digo Fonte TV?
N√£o
Cancelar inscri√ß√£o
Processando...
Inscrever-seInscritoCancelar inscri√ß√£o211¬†mil Carregando...
Carregando...
Processando...","33.977 visualiza√ß√µes
4.709
Gostou deste v√≠deo?
Fa√ßa login para que sua opini√£o seja levada em conta.
Fazer login
4.710
26
N√£o gostou deste v√≠deo?
Fa√ßa login para que sua opini√£o seja levada em conta.
Fazer login
27",https://i.ytimg.com/vi/wD5lpZI6jeY/maxresdefault.jpg,1280,720,ü§ù ùóßùó•ùóòùóúùó°ùóîùó™ùóòùóï ‚Üí https://codft.me/treinawebweek Fique por dentro das 5 melhores linguagens da programa√ß√£o (e seus frameworks) para se trabalhar com Intelig√™ncia...,1280,720,TreinaWeb,/channel/UCFuIUoyHB12qpYa8Jpxoxow,0.474
1285,Introduction to Machine Learning Methods (Prof. Steve L. Brunton),0,11 visualiza√ß√µes,Publicado em 29 de mai. de 2020,Ci√™ncia e tecnologia,"Bruxelles
Introduction to Machine Learning Methods (Prof. Steve L. Brunton)","von Karman Institute for Fluid Dynamics
Carregando...
Cancelar inscri√ß√£o de von Karman Institute for Fluid Dynamics?
N√£o
Cancelar inscri√ß√£o
Processando...
Inscrever-seInscritoCancelar inscri√ß√£o2¬†mil Carregando...
Carregando...
Processando...","11 visualiza√ß√µes
Gostou deste v√≠deo?
Fa√ßa login para que sua opini√£o seja levada em conta.
Fazer login
N√£o gostou deste v√≠deo?
Fa√ßa login para que sua opini√£o seja levada em conta.
Fazer login",https://i.ytimg.com/vi/wSOClPEsAcs/maxresdefault.jpg,1280,720,"This lecture was given by Prof. Steve L. Brunton, University of Washington, USA in the framework of the von Karman Lecture Series on Machine Learning for Flu...",1280,720,neural network,/channel/UCk8S7NEQJRLSFc5PPnd19bg,0.445
1294,6 Levels to AutoML | by Bojan Tunguz | Kaggle Days San Francisco,0,837 visualiza√ß√µes,Publicado em 16 de mai. de 2019,Ci√™ncia e tecnologia,6 Levels to AutoML | by Bojan Tunguz | Kaggle Days San Francisco,"Kaggle
Carregando...
Cancelar inscri√ß√£o de Kaggle?
N√£o
Cancelar inscri√ß√£o
Processando...
Inscrever-seInscritoCancelar inscri√ß√£o54,2¬†mil Carregando...
Carregando...
Processando...","837 visualiza√ß√µes
14
Gostou deste v√≠deo?
Fa√ßa login para que sua opini√£o seja levada em conta.
Fazer login
15
1
N√£o gostou deste v√≠deo?
Fa√ßa login para que sua opini√£o seja levada em conta.
Fazer login
2",https://i.ytimg.com/vi/wsDKJedfqSQ/maxresdefault.jpg,1280,720,"Bojan Tunguz ""6 Levels to AutoML"" Kaggle Days San Francisco held in April 2019 gathered over 300 participants to meet, learn and code with Kaggle Grandmaster...",1280,720,kaggle days,/channel/UCSNeZleDn9c74yQc-EKnVTA,0.462
1296,Python Chat Bot Tutorial - Chatbot with Deep Learning (Part 1),1,323.660 visualiza√ß√µes,Publicado em 27 de mai. de 2019,Educa√ß√£o,Python Chat Bot Tutorial - Chatbot with Deep Learning (Part 1),"Tech With Tim
Carregando...
Cancelar inscri√ß√£o de Tech With Tim?
N√£o
Cancelar inscri√ß√£o
Processando...
Inscrever-seInscritoCancelar inscri√ß√£o291¬†mil Carregando...
Carregando...
Processando...","323.660 visualiza√ß√µes
5.424
Gostou deste v√≠deo?
Fa√ßa login para que sua opini√£o seja levada em conta.
Fazer login
5.425
118
N√£o gostou deste v√≠deo?
Fa√ßa login para que sua opini√£o seja levada em conta.
Fazer login
119",https://i.ytimg.com/vi/wypVcNIH6D4/maxresdefault.jpg,1280,720,Ever wanted to create an AI Chat bot? This python chatbot tutorial will show you how to create a chatbot with python using deep learning . Playlist: https://...,1280,720,how to make a chatbot,/channel/UC4JX40jDee_tINbkjycV4Sg,0.504
1303,Introducing Codecademy's Data Science Path,0,176.290 visualiza√ß√µes,Publicado em 14 de ago. de 2018,Educa√ß√£o,Introducing Codecademy's Data Science Path,"Codecademy
Carregando...
Cancelar inscri√ß√£o de Codecademy?
N√£o
Cancelar inscri√ß√£o
Processando...
Inscrever-seInscritoCancelar inscri√ß√£o88,7¬†mil Carregando...
Carregando...
Processando...","176.290 visualiza√ß√µes
192
Gostou deste v√≠deo?
Fa√ßa login para que sua opini√£o seja levada em conta.
Fazer login
193
4
N√£o gostou deste v√≠deo?
Fa√ßa login para que sua opini√£o seja levada em conta.
Fazer login
5",https://i.ytimg.com/vi/xMWbL3wd4wo/maxresdefault.jpg,1280,720,Learn job-ready data science skills at your own pace: https://www.codecademy.com/learn/paths/data-science?utm_content=video&utm_medium=social&utm_source=YouT...,1280,720,alex kuntz,/channel/UC5CMtpogD_P3mOoeiDHD5eQ,0.553
1310,Kaggle Live-Coding: Comparing unsupervised classification methods for text | Kaggle,0,2.047 visualiza√ß√µes,Transmitido ao vivo em 31 de mai. de 2019,Ci√™ncia e tecnologia,Kaggle Live-Coding: Comparing unsupervised classification methods for text | Kaggle,"Kaggle
Carregando...
Cancelar inscri√ß√£o de Kaggle?
N√£o
Cancelar inscri√ß√£o
Processando...
Inscrever-seInscritoCancelar inscri√ß√£o54,2¬†mil Carregando...
Carregando...
Processando...","2.047 visualiza√ß√µes
63
Gostou deste v√≠deo?
Fa√ßa login para que sua opini√£o seja levada em conta.
Fazer login
64
1
N√£o gostou deste v√≠deo?
Fa√ßa login para que sua opini√£o seja levada em conta.
Fazer login
2",https://i.ytimg.com/vi/xoTMADzMwVU/maxresdefault.jpg,1280,720,This week we're going to continue on our forum-summarizing chat bot project by comparing different methods for unsupervised text classification. SUBSCRIBE: h...,1280,720,reading group,/channel/UCSNeZleDn9c74yQc-EKnVTA,0.584
1316,Statistics - A Full University Course on Data Science Basics,0,288.970 visualiza√ß√µes,Publicado em 12 de jun. de 2019,,Statistics - A Full University Course on Data Science Basics,"freeCodeCamp.org
Carregando...
Cancelar inscri√ß√£o de freeCodeCamp.org?
N√£o
Cancelar inscri√ß√£o
Processando...
Inscrever-seInscritoCancelar inscri√ß√£o2,03¬†mi Carregando...
Carregando...
Processando...","288.970 visualiza√ß√µes
7.558
Gostou deste v√≠deo?
Fa√ßa login para que sua opini√£o seja levada em conta.
Fazer login
7.559
96
N√£o gostou deste v√≠deo?
Fa√ßa login para que sua opini√£o seja levada em conta.
Fazer login
97",https://i.ytimg.com/vi/xxpc-HPKN28/maxresdefault.jpg,1280,720,"Learn the essentials of statistics in this complete course. This course introduces the various methods used to collect, organize, summarize, interpret and re...",1280,720,data science,/channel/UC8butISFwT-Wl7EV0hUK0BQ,0.445
1317,Conda Environments : Data Science Code,0,16 visualiza√ß√µes,Publicado em 1 de jun. de 2020,Educa√ß√£o,Conda Environments : Data Science Code,"ritvikmath
Carregando...
Cancelar inscri√ß√£o de ritvikmath?
N√£o
Cancelar inscri√ß√£o
Processando...
Inscrever-seInscritoCancelar inscri√ß√£o19,3¬†mil Carregando...
Carregando...
Processando...","16 visualiza√ß√µes
2
Gostou deste v√≠deo?
Fa√ßa login para que sua opini√£o seja levada em conta.
Fazer login
3
0
N√£o gostou deste v√≠deo?
Fa√ßa login para que sua opini√£o seja levada em conta.
Fazer login
1",https://i.ytimg.com/vi/xyQn8cNOP78/hqdefault.jpg,480,360,All about Conda Environments!,1280,720,code,/channel/UCUcpVoi5KkJmnE3bvEhHR0Q,0.624
1331,Kaggle Meetup: Landmark Recognition,1,900 visualiza√ß√µes,Publicado em 13 de jul. de 2018,Ci√™ncia e tecnologia,Kaggle Meetup: Landmark Recognition,"Learn Data Science
Carregando...
Cancelar inscri√ß√£o de Learn Data Science?
N√£o
Cancelar inscri√ß√£o
Processando...
Inscrever-seInscritoCancelar inscri√ß√£o681 Carregando...
Carregando...
Processando...","900 visualiza√ß√µes
6
Gostou deste v√≠deo?
Fa√ßa login para que sua opini√£o seja levada em conta.
Fazer login
7
1
N√£o gostou deste v√≠deo?
Fa√ßa login para que sua opini√£o seja levada em conta.
Fazer login
2",https://i.ytimg.com/vi/ymMsDG5kA94/maxresdefault.jpg,1280,720,Meetup page: https://www.meetup.com/LearnDataScience/events/251386040/ Kaggle page: https://www.kaggle.com/c/landmark-recognition-challenge Slides: https://w...,1280,720,yvr,/channel/UCJhW_16uxALr0X4olEW2p5A,0.434
1354,How to find Data Science Jobs During Recession ? | Top 3 Job Portals | Tricks to crack Interview !,0,177 visualiza√ß√µes,Publicado em 31 de mai. de 2020,Educa√ß√£o,"#vision2020 #aiforeveryone #pythonnumpy
How to find Data Science Jobs During Recession ? | Top 3 Job Portals | Tricks to crack Interview !","Artificial Intelligence Tutorials
Carregando...
Cancelar inscri√ß√£o de Artificial Intelligence Tutorials?
N√£o
Cancelar inscri√ß√£o
Processando...
Inscrever-seInscritoCancelar inscri√ß√£o2,37¬†mil Carregando...
Carregando...
Processando...","177 visualiza√ß√µes
Gostou deste v√≠deo?
Fa√ßa login para que sua opini√£o seja levada em conta.
Fazer login
N√£o gostou deste v√≠deo?
Fa√ßa login para que sua opini√£o seja levada em conta.
Fazer login",https://i.ytimg.com/vi/zoJCD7-vaxQ/maxresdefault.jpg,1280,720,"#vision2020 #aiforeveryone #pythonnumpy : ""My Vision is to provide ""AIFOREVERYONE"", by creating free video courses for Artificial Intelligence , Machine Lear...",1280,720,how to search job,/channel/UCNJuXA_sPosZGolgPzdWnXw,0.493
648,02. Download data from Kaggle using the official CLI,0,5.607 visualiza√ß√µes,Publicado em 4 de set. de 2018,Entretenimento,02. Download data from Kaggle using the official CLI,"Aakash N S
Carregando...
Cancelar inscri√ß√£o de Aakash N S?
N√£o
Cancelar inscri√ß√£o
Processando...
Inscrever-seInscritoCancelar inscri√ß√£o790 Carregando...
Carregando...
Processando...","5.607 visualiza√ß√µes
36
Gostou deste v√≠deo?
Fa√ßa login para que sua opini√£o seja levada em conta.
Fazer login
37
1
N√£o gostou deste v√≠deo?
Fa√ßa login para que sua opini√£o seja levada em conta.
Fazer login
2",https://i.ytimg.com/vi/Sn7vmKFt-wI/maxresdefault.jpg,1280,720,,1280,720,,/channel/UCEkIfTA9fTlly9bq5Hg-uzg,0.111
823,"Developer Discussion on Kaggle, Data Science & Machine Learning (Cloud Next '19)",0,282 visualiza√ß√µes,Publicado em 11 de abr. de 2019,,"Developer Discussion on Kaggle, Data Science & Machine Learning (Cloud Next '19)","Google Cloud Platform
Carregando...
Cancelar inscri√ß√£o de Google Cloud Platform?
N√£o
Cancelar inscri√ß√£o
Processando...
Inscrever-seInscritoCancelar inscri√ß√£o473¬†mil Carregando...
Carregando...
Processando...","282 visualiza√ß√µes
7
Gostou deste v√≠deo?
Fa√ßa login para que sua opini√£o seja levada em conta.
Fazer login
8
0
N√£o gostou deste v√≠deo?
Fa√ßa login para que sua opini√£o seja levada em conta.
Fazer login
1",https://i.ytimg.com/vi/aC_7zbowz3Q/maxresdefault.jpg,1280,720,"Roundtable discussion about the Developers Keynote at Next '19. Topics include Kaggle, data Science, ML, and BigQuery Analytics. Watch more: Next ‚Äò19 All Ses...",1280,720,official,/channel/UCJS9pqu9BzkAMNTmzNMNhvg,0.095
922,Online Master of Computer Science (MCS) and MCS in Data Science Curriculum & Admissions Overview,0,6.111 visualiza√ß√µes,Publicado em 3 de dez. de 2019,Educa√ß√£o,Online Master of Computer Science (MCS) and MCS in Data Science Curriculum & Admissions Overview,"Illinois Computer Science
Carregando...
Cancelar inscri√ß√£o de Illinois Computer Science?
N√£o
Cancelar inscri√ß√£o
Processando...
Inscrever-seInscritoCancelar inscri√ß√£o620 Carregando...
Carregando...
Processando...","6.111 visualiza√ß√µes
88
Gostou deste v√≠deo?
Fa√ßa login para que sua opini√£o seja levada em conta.
Fazer login
89
1
N√£o gostou deste v√≠deo?
Fa√ßa login para que sua opini√£o seja levada em conta.
Fazer login
2",https://i.ytimg.com/vi/faXot73bz4A/maxresdefault.jpg,1280,720,"An overview of the Online Master of Computer Science (MCS) degree, including the MCS in Data Science (MCS-DS) track, offered by Illinois Computer Science on ...",1280,720,GradSchool,/channel/UCbDB5_JcJ18-1Ld36hwYbFQ,0.173
1045,"074. –ß–µ–º –æ—Ç–ª–∏—á–∞—é—Ç—Å—è data analyst, data engineer –∏ data scientist ‚Äì –ê–ª–µ–∫—Å–µ–π –ù–∞—Ç—ë–∫–∏–Ω",0,49.204 visualiza√ß√µes,Publicado em 19 de nov. de 2018,Ci√™ncia e tecnologia,"074. –ß–µ–º –æ—Ç–ª–∏—á–∞—é—Ç—Å—è data analyst, data engineer –∏ data scientist ‚Äì –ê–ª–µ–∫—Å–µ–π –ù–∞—Ç—ë–∫–∏–Ω","–ö–æ–º–ø—å—é—Ç–µ—Ä–Ω—ã–µ –Ω–∞—É–∫–∏
Carregando...
Cancelar inscri√ß√£o de –ö–æ–º–ø—å—é—Ç–µ—Ä–Ω—ã–µ –Ω–∞—É–∫–∏?
N√£o
Cancelar inscri√ß√£o
Processando...
Inscrever-seInscritoCancelar inscri√ß√£o34¬†mil Carregando...
Carregando...
Processando...","49.204 visualiza√ß√µes
1.688
Gostou deste v√≠deo?
Fa√ßa login para que sua opini√£o seja levada em conta.
Fazer login
1.689
26
N√£o gostou deste v√≠deo?
Fa√ßa login para que sua opini√£o seja levada em conta.
Fazer login
27",https://i.ytimg.com/vi/lDkTNURDIaY/hqdefault.jpg,480,360,"- –ö–∞–∫ –≤–æ–π—Ç–∏ –≤ —Å–æ–æ–±—â–µ—Å—Ç–≤–æ data science? - –û —Ä–∞–∑–ª–∏—á–∏—è—Ö data scientist, data analyst, data engineer, –∫—Ç–æ –∏–∑ –Ω–∏—Ö —á–µ–º –∑–∞–Ω–∏–º–∞–µ—Ç—Å—è? - –í —á—ë–º –æ—Ç–ª–∏—á–∏—è –º–µ–∂–¥—É Machine Le...",1280,720,machine learning,/channel/UCKFojzto0n4Ab3CRQRZ2zYA,0.148
1192,"Kaggle Days Meetup Brussels #1 - ""How to approach a Kaggle competition and excel in Data Science""",0,444 visualiza√ß√µes,Publicado em 26 de nov. de 2018,Pessoas e blogs,"Kaggle Days Meetup Brussels #1 - ""How to approach a Kaggle competition and excel in Data Science""","LogicAI
Carregando...
Cancelar inscri√ß√£o de LogicAI?
N√£o
Cancelar inscri√ß√£o
Processando...
Inscrever-seInscritoCancelar inscri√ß√£o665 Carregando...
Carregando...
Processando...","444 visualiza√ß√µes
9
Gostou deste v√≠deo?
Fa√ßa login para que sua opini√£o seja levada em conta.
Fazer login
10
0
N√£o gostou deste v√≠deo?
Fa√ßa login para que sua opini√£o seja levada em conta.
Fazer login
1",https://i.ytimg.com/vi/sNBK_No4VVg/maxresdefault.jpg,1280,720,"Alberto Danese - Kaggle Grandmaster - ""How to approach a Kaggle competition and excel in hands-on Data Science""",1280,720,grandmaster,/channel/UCZ_qlZbg9EzwRnLq_hFQumQ,0.256
1119,"Si quiero dedicarme al Machine Learning, ¬øqu√© cursos debo hacer y en qu√© orden?",0,17.493 visualiza√ß√µes,Publicado em 5 de out. de 2019,Ci√™ncia e tecnologia,"Si quiero dedicarme al Machine Learning, ¬øqu√© cursos debo hacer y en qu√© orden?","Juan Gabriel Gomila Salas
Carregando...
Cancelar inscri√ß√£o de Juan Gabriel Gomila Salas?
N√£o
Cancelar inscri√ß√£o
Processando...
Inscrever-seInscritoCancelar inscri√ß√£o10,6¬†mil Carregando...
Carregando...
Processando...","17.493 visualiza√ß√µes
714
Gostou deste v√≠deo?
Fa√ßa login para que sua opini√£o seja levada em conta.
Fazer login
715
7
N√£o gostou deste v√≠deo?
Fa√ßa login para que sua opini√£o seja levada em conta.
Fazer login
8",https://i.ytimg.com/vi/oKHOSqQw9ro/maxresdefault.jpg,1280,720,"Tienes todos los cursos citados en el video con un 95% de descuento desde los siguientes links: I. Probabilidad, estad√≠stica, algebra. Curso completo de esta...",960,720,estadistica,/channel/UCMUxXNYrVCv6-bQakhomvBg,0.168
1047,"Gilbert Strang: Linear Algebra, Deep Learning, Teaching, and MIT OpenCourseWare | AI Podcast",0,93.233 visualiza√ß√µes,Publicado em 25 de nov. de 2019,Ci√™ncia e tecnologia,"Gilbert Strang: Linear Algebra, Deep Learning, Teaching, and MIT OpenCourseWare | AI Podcast","Lex Fridman
Carregando...
Cancelar inscri√ß√£o de Lex Fridman?
N√£o
Cancelar inscri√ß√£o
Processando...
Inscrever-seInscritoCancelar inscri√ß√£o397¬†mil Carregando...
Carregando...
Processando...","93.233 visualiza√ß√µes
3.885
Gostou deste v√≠deo?
Fa√ßa login para que sua opini√£o seja levada em conta.
Fazer login
3.886
48
N√£o gostou deste v√≠deo?
Fa√ßa login para que sua opini√£o seja levada em conta.
Fazer login
49",https://i.ytimg.com/vi/lEZPfmGCEk0/maxresdefault.jpg,1280,720,Gilbert Strang is a professor of mathematics at MIT and perhaps one of the most famous and impactful teachers of math in the world. His MIT OpenCourseWare le...,,,column space,/channel/UCSHZKyawb77ixDdsGog4iWA,0.394
553,Tania‚Äôs Story: Morse code meets machine learning,0,644.667 visualiza√ß√µes,Publicado em 8 de mai. de 2018,Ci√™ncia e tecnologia,Tania‚Äôs Story: Morse code meets machine learning,"Google
Carregando...
Cancelar inscri√ß√£o de Google?
N√£o
Cancelar inscri√ß√£o
Processando...
Inscrever-seInscritoCancelar inscri√ß√£o9,04¬†mi Carregando...
Carregando...
Processando...","644.667 visualiza√ß√µes
4.785
Gostou deste v√≠deo?
Fa√ßa login para que sua opini√£o seja levada em conta.
Fazer login
4.786
2.198
N√£o gostou deste v√≠deo?
Fa√ßa login para que sua opini√£o seja levada em conta.
Fazer login
2.199",https://i.ytimg.com/vi/Oc_QMQ4QHcw/maxresdefault.jpg,1280,720,"Ever since Morse opened developer Tania Finlayson‚Äôs world, she‚Äôs been working to make it accessible for everyone. Interested in learning Morse code or using ...",1280,720,Artificial Intelligence,/channel/UCK8sQmJBp8GCxrOtXWBpyEA,0.054
540,"What Does A Data Analyst Do? ($80,000+ Starting Salary)",0,837.172 visualiza√ß√µes,Estreou em 6 de nov. de 2019,Educa√ß√£o,"United States
What Does A Data Analyst Do? ($80,000+ Starting Salary)","Matt Tran
Carregando...
Cancelar inscri√ß√£o de Matt Tran?
N√£o
Cancelar inscri√ß√£o
Processando...
Inscrever-seInscritoCancelar inscri√ß√£o435¬†mil Carregando...
Carregando...
Processando...","837.172 visualiza√ß√µes
20.512
Gostou deste v√≠deo?
Fa√ßa login para que sua opini√£o seja levada em conta.
Fazer login
20.513
1.054
N√£o gostou deste v√≠deo?
Fa√ßa login para que sua opini√£o seja levada em conta.
Fazer login
1.055",https://i.ytimg.com/vi/OF132jIS8XM/maxresdefault.jpg,1280,720,"Kwame created a Data Analyst course that teaches you Cognos IBM analytics. Using Cognos Analytics, you can become a Data Analyst within 8 - 12 weeks. Check o...",1280,720,Remote work,/channel/UChj0w0duKtp7SDd_X9CNptw,0.133
518,Python para Data Science - Express√µes tern√°rias e m√≥dulos - (Final de temporada) Aula 10,0,3 visualiza√ß√µes,Publicado em 31 de mai. de 2020,Educa√ß√£o,Python para Data Science - Express√µes tern√°rias e m√≥dulos - (Final de temporada) Aula 10,"Rodolfo Moreira
Carregando...
Cancelar inscri√ß√£o de Rodolfo Moreira?
N√£o
Cancelar inscri√ß√£o
Processando...
Inscrever-seInscritoCancelar inscri√ß√£o2,53¬†mil Carregando...
Carregando...
Processando...","3 visualiza√ß√µes
1
Gostou deste v√≠deo?
Fa√ßa login para que sua opini√£o seja levada em conta.
Fazer login
2
0
N√£o gostou deste v√≠deo?
Fa√ßa login para que sua opini√£o seja levada em conta.
Fazer login
1",https://i.ytimg.com/vi/N1Rt0AlaMjI/maxresdefault.jpg,1280,720,"Fala pessoal, tudo beleza? Finalizando a primeira temporada de Python para Data Science trabalhamos com express√µes tern√°rias e m√≥dulos. Ainda tem muito assun...",960,720,,/channel/UCaFNIymOik_T7b1EQfDhdrw,0.136
1299,"Data Scientist Job, Career & Salary | Data Scientist Salary | Data Science Masters Program | Edureka",0,33.699 visualiza√ß√µes,Publicado em 11 de dez. de 2018,Educa√ß√£o,"#datascientist #datascientistsalary #datascientistjobs
Data Scientist Job, Career & Salary | Data Scientist Salary | Data Science Masters Program | Edureka","edureka!
Carregando...
Cancelar inscri√ß√£o de edureka!?
N√£o
Cancelar inscri√ß√£o
Processando...
Inscrever-seInscritoCancelar inscri√ß√£o1,76¬†mi Carregando...
Carregando...
Processando...","33.699 visualiza√ß√µes
530
Gostou deste v√≠deo?
Fa√ßa login para que sua opini√£o seja levada em conta.
Fazer login
531
17
N√£o gostou deste v√≠deo?
Fa√ßa login para que sua opini√£o seja levada em conta.
Fazer login
18",https://i.ytimg.com/vi/xGPW93ZLhvc/maxresdefault.jpg,1280,720,"** Data Scientist Master Program: https://www.edureka.co/masters-program/data-scientist-certification ** This Edureka ""Data Science Jobs, Careers and Salarie...",1280,720,data science edureka,/channel/UCkw4JCwteGrDHIsyIIKo4tQ,0.109
824,Data Science Full Course | Learn Data Science in 3 Hours | Data Science for Beginners | Edureka,0,142.542 visualiza√ß√µes,Publicado em 17 de mar. de 2019,Educa√ß√£o,"#edureka #DataScienceEdureka #whatisdatascience
Data Science Full Course | Learn Data Science in 3 Hours | Data Science for Beginners | Edureka","edureka!
Carregando...
Cancelar inscri√ß√£o de edureka!?
N√£o
Cancelar inscri√ß√£o
Processando...
Inscrever-seInscritoCancelar inscri√ß√£o1,76¬†mi Carregando...
Carregando...
Processando...","142.542 visualiza√ß√µes
2.840
Gostou deste v√≠deo?
Fa√ßa login para que sua opini√£o seja levada em conta.
Fazer login
2.841
43
N√£o gostou deste v√≠deo?
Fa√ßa login para que sua opini√£o seja levada em conta.
Fazer login
44",https://i.ytimg.com/vi/aGu0fbkHhek/maxresdefault.jpg,1280,720,"** Data Science Master Program: https://www.edureka.co/masters-program/data-scientist-certification ** This Edureka video on ""Data Science Full Course"" provi...",1280,720,edureka data science,/channel/UCkw4JCwteGrDHIsyIIKo4tQ,0.187
739,Welcome to Data Science Methodology by IBM #1,0,3.144 visualiza√ß√µes,Publicado em 25 de mar. de 2019,Educa√ß√£o,Welcome to Data Science Methodology by IBM #1,"Coursera
Carregando...
Cancelar inscri√ß√£o de Coursera?
N√£o
Cancelar inscri√ß√£o
Processando...
Inscrever-seInscritoCancelar inscri√ß√£o153¬†mil Carregando...
Carregando...
Processando...","3.144 visualiza√ß√µes
30
Gostou deste v√≠deo?
Fa√ßa login para que sua opini√£o seja levada em conta.
Fazer login
31
0
N√£o gostou deste v√≠deo?
Fa√ßa login para que sua opini√£o seja levada em conta.
Fazer login
1",https://i.ytimg.com/vi/Wpp1DuiyWg0/maxresdefault.jpg,1280,720,"This video is part of an online course, Data Science Methodology, created by IBM. Enroll today at https://www.coursera.org/learn/data-science-methodology?utm...",1280,720,Data Analysis,/channel/UCZ50rYSkYQG31YDEJm9Di_g,0.094
1340,What is A/B Testing? | Data Science in Minutes,0,51.381 visualiza√ß√µes,Publicado em 28 de dez. de 2018,Educa√ß√£o,"#datascience #abtesting
What is A/B Testing? | Data Science in Minutes","Data Science Dojo
Carregando...
Cancelar inscri√ß√£o de Data Science Dojo?
N√£o
Cancelar inscri√ß√£o
Processando...
Inscrever-seInscritoCancelar inscri√ß√£o53,7¬†mil Carregando...
Carregando...
Processando...","51.381 visualiza√ß√µes
998
Gostou deste v√≠deo?
Fa√ßa login para que sua opini√£o seja levada em conta.
Fazer login
999
54
N√£o gostou deste v√≠deo?
Fa√ßa login para que sua opini√£o seja levada em conta.
Fazer login
55",https://i.ytimg.com/vi/zFMgpxG-chM/maxresdefault.jpg,1280,720,"What is A/B testing? In this quick tutorial, we go over the basics of A/B testing, as well as answer some in-depth questions such as: why should businesses c...",1280,720,a/b testing data science,/channel/UCzL_0nIe8B4-7ShhVPfJkgw,0.3
883,Data Scientist Salary: How much a data scientist earn,0,8.671 visualiza√ß√µes,Publicado em 4 de jan. de 2020,Educa√ß√£o,"#DataScientistSalary #DataScientist #DataScience
Data Scientist Salary: How much a data scientist earn","codebasics
Carregando...
Cancelar inscri√ß√£o de codebasics?
N√£o
Cancelar inscri√ß√£o
Processando...
Inscrever-seInscritoCancelar inscri√ß√£o116¬†mil Carregando...
Carregando...
Processando...","8.671 visualiza√ß√µes
154
Gostou deste v√≠deo?
Fa√ßa login para que sua opini√£o seja levada em conta.
Fazer login
155
5
N√£o gostou deste v√≠deo?
Fa√ßa login para que sua opini√£o seja levada em conta.
Fazer login
6",https://i.ytimg.com/vi/dM_MzB2sCQk/maxresdefault.jpg,1280,720,We will use glassdoor platform to figure out current salary trends in USA and India for data scientist. The salary depends on three key factors (1) location ...,1280,720,Data Scientist Salary,/channel/UCh9nVJoWXmFb7sLApWGcLPQ,0.078
915,Interview With My Brother Who Sold His Startup For $60 Million | Machine Learning Engineer,0,476.152 visualiza√ß√µes,Publicado em 16 de out. de 2019,Educa√ß√£o,Interview With My Brother Who Sold His Startup For $60 Million | Machine Learning Engineer,"Joma Tech
Carregando...
Cancelar inscri√ß√£o de Joma Tech?
N√£o
Cancelar inscri√ß√£o
Processando...
Inscrever-seInscritoCancelar inscri√ß√£o576¬†mil Carregando...
Carregando...
Processando...","476.152 visualiza√ß√µes
9.111
Gostou deste v√≠deo?
Fa√ßa login para que sua opini√£o seja levada em conta.
Fazer login
9.112
181
N√£o gostou deste v√≠deo?
Fa√ßa login para que sua opini√£o seja levada em conta.
Fazer login
182",https://i.ytimg.com/vi/fB7nyxXaczY/maxresdefault.jpg,1280,720,"My brother (https://twitter.com/madavidj) talks about how to successfully leverage Machine Learning in Startups. Learn computer science, math, science, and a...",1280,720,software engineer,/channel/UCV0qA-eDDICsRR9rPcnG7tw,0.212
1128,ML for Optimization Problems | Qingchen Wang | Kaggle Days,0,2.155 visualiza√ß√µes,Publicado em 31 de dez. de 2019,Ci√™ncia e tecnologia,ML for Optimization Problems | Qingchen Wang | Kaggle Days,"Kaggle
Carregando...
Cancelar inscri√ß√£o de Kaggle?
N√£o
Cancelar inscri√ß√£o
Processando...
Inscrever-seInscritoCancelar inscri√ß√£o54,2¬†mil Carregando...
Carregando...
Processando...","2.155 visualiza√ß√µes
74
Gostou deste v√≠deo?
Fa√ßa login para que sua opini√£o seja levada em conta.
Fazer login
75
1
N√£o gostou deste v√≠deo?
Fa√ßa login para que sua opini√£o seja levada em conta.
Fazer login
2",https://i.ytimg.com/vi/ohGeGfUCV_A/maxresdefault.jpg,1280,720,"Kaggle Days China edition was held on October 19-20 at Damei Center, Beijing. More than 400 data scientists and enthusiasts gathered to learn, make friends, ...",1280,720,CS,/channel/UCSNeZleDn9c74yQc-EKnVTA,0.228
934,"Kaggle Jigsaw Unintended Bias in Toxicity Classification ‚Äî Bolkonsky Y., Stekh G., Prokoptsev N.",0,902 visualiza√ß√µes,Publicado em 4 de set. de 2019,Educa√ß√£o,"Kaggle Jigsaw Unintended Bias in Toxicity Classification ‚Äî Bolkonsky Y., Stekh G., Prokoptsev N.","ML Trainings
Carregando...
Cancelar inscri√ß√£o de ML Trainings?
N√£o
Cancelar inscri√ß√£o
Processando...
Inscrever-seInscritoCancelar inscri√ß√£o10,6¬†mil Carregando...
Carregando...
Processando...","902 visualiza√ß√µes
19
Gostou deste v√≠deo?
Fa√ßa login para que sua opini√£o seja levada em conta.
Fazer login
20
0
N√£o gostou deste v√≠deo?
Fa√ßa login para que sua opini√£o seja levada em conta.
Fazer login
1",https://i.ytimg.com/vi/g6ajvLXUR6E/maxresdefault.jpg,1280,720,"Yury Bolkonsky, Gennady Shtekh, Nikolay Prokoptsev tell about their participation in Kaggle Jigsaw Unintended Bias in Toxicity Classification competition in ...",1280,720,mltrainings,/channel/UCeq6ZIlvC9SVsfhfKnSvM9w,0.219
638,Behind the Scenes Look at Data Science Interviews | CareerCon 2019 | Kaggle,0,736 visualiza√ß√µes,Publicado em 15 de ago. de 2019,Ci√™ncia e tecnologia,Behind the Scenes Look at Data Science Interviews | CareerCon 2019 | Kaggle,"Kaggle
Carregando...
Cancelar inscri√ß√£o de Kaggle?
N√£o
Cancelar inscri√ß√£o
Processando...
Inscrever-seInscritoCancelar inscri√ß√£o54,2¬†mil Carregando...
Carregando...
Processando...","736 visualiza√ß√µes
18
Gostou deste v√≠deo?
Fa√ßa login para que sua opini√£o seja levada em conta.
Fazer login
19
1
N√£o gostou deste v√≠deo?
Fa√ßa login para que sua opini√£o seja levada em conta.
Fazer login
2",https://i.ytimg.com/vi/SNGMtLAQyDE/maxresdefault.jpg,1280,720,"In this session, we‚Äôre exploring anonymized of several real data science interviews and Quora‚Äôs Data Science Manager, William Chen will thoroughly cover what...",1280,720,careercon,/channel/UCSNeZleDn9c74yQc-EKnVTA,0.209
704,Kaggle Competition Tutorial | Presented by Gabor Fodor | Kaggle,0,737 visualiza√ß√µes,Publicado em 6 de jan. de 2020,Ci√™ncia e tecnologia,Kaggle Competition Tutorial | Presented by Gabor Fodor | Kaggle,"Kaggle
Carregando...
Cancelar inscri√ß√£o de Kaggle?
N√£o
Cancelar inscri√ß√£o
Processando...
Inscrever-seInscritoCancelar inscri√ß√£o54,2¬†mil Carregando...
Carregando...
Processando...","737 visualiza√ß√µes
14
Gostou deste v√≠deo?
Fa√ßa login para que sua opini√£o seja levada em conta.
Fazer login
15
4
N√£o gostou deste v√≠deo?
Fa√ßa login para que sua opini√£o seja levada em conta.
Fazer login
5",https://i.ytimg.com/vi/Vb9rm34uw3w/maxresdefault.jpg,1280,720,"Kaggle Days China edition was held on October 19-20 at Damei Center, Beijing. More than 400 data scientists and enthusiasts gathered to learn, make friends, ...",1280,720,CS,/channel/UCSNeZleDn9c74yQc-EKnVTA,0.243
795,KPOP MAIN DANCERS RANKED BY A COMPUTER (machine learning),0,443 visualiza√ß√µes,Publicado em 31 de mai. de 2020,"SM Entertainment, UMG (em nome de SM Entertainment, UMG Recordings, Inc.); BMI - Broadcast Music Inc., AMRA, Sony ATV Publishing, LatinAutor, Warner Chappell, ASCAP, LatinAutor - SonyATV, CMRRA, LatinAutor - Warner Chappell, Kobalt Music Publishing, UNIAO BRASILEIRA DE EDITORAS DE MUSICA - UBEM e 19 associa√ß√µes de direitos musicais",KPOP MAIN DANCERS RANKED BY A COMPUTER (machine learning),"techie_ray
Carregando...
Cancelar inscri√ß√£o de techie_ray?
N√£o
Cancelar inscri√ß√£o
Processando...
Inscrever-seInscritoCancelar inscri√ß√£o269 Carregando...
Carregando...
Processando...","443 visualiza√ß√µes
39
Gostou deste v√≠deo?
Fa√ßa login para que sua opini√£o seja levada em conta.
Fazer login
40
2
N√£o gostou deste v√≠deo?
Fa√ßa login para que sua opini√£o seja levada em conta.
Fazer login
3",https://i.ytimg.com/vi/ZtLFpsjLHg4/hqdefault.jpg,480,360,"Dance analysis algorithm: https://www.youtube.com/watch?v=bPDoMdn71h0 In this video, we'll use MACHINE LEARNING and MATH to find out who's the best male main...",1280,720,stray kids hyunjin,/channel/UC_y6SHphVJ3GmgtjJSX-45w,0.328
924,Kaggle Live Coding: Data Cleaning for AutoML | Kaggle,0,2.524 visualiza√ß√µes,Estreou em 25 de out. de 2019,Ci√™ncia e tecnologia,Kaggle Live Coding: Data Cleaning for AutoML | Kaggle,"Kaggle
Carregando...
Cancelar inscri√ß√£o de Kaggle?
N√£o
Cancelar inscri√ß√£o
Processando...
Inscrever-seInscritoCancelar inscri√ß√£o54,2¬†mil Carregando...
Carregando...
Processando...","2.524 visualiza√ß√µes
103
Gostou deste v√≠deo?
Fa√ßa login para que sua opini√£o seja levada em conta.
Fazer login
104
0
N√£o gostou deste v√≠deo?
Fa√ßa login para que sua opini√£o seja levada em conta.
Fazer login
1",https://i.ytimg.com/vi/fn8QAeKnWYM/maxresdefault.jpg,1280,720,This week Rachael will be working on data cleaning to prep a dataset to be used with the TPOT automated ML library. SUBSCRIBE: https://www.youtube.com/c/kagg...,1280,720,CS,/channel/UCSNeZleDn9c74yQc-EKnVTA,0.232
812,Data Science Project - 2 : Data Cleaning (Real Estate Price Prediction Project),0,24.047 visualiza√ß√µes,Publicado em 31 de dez. de 2019,Educa√ß√£o,Data Science Project - 2 : Data Cleaning (Real Estate Price Prediction Project),"codebasics
Carregando...
Cancelar inscri√ß√£o de codebasics?
N√£o
Cancelar inscri√ß√£o
Processando...
Inscrever-seInscritoCancelar inscri√ß√£o116¬†mil Carregando...
Carregando...
Processando...","24.047 visualiza√ß√µes
343
Gostou deste v√≠deo?
Fa√ßa login para que sua opini√£o seja levada em conta.
Fazer login
344
8
N√£o gostou deste v√≠deo?
Fa√ßa login para que sua opini√£o seja levada em conta.
Fazer login
9",https://i.ytimg.com/vi/_drqJ9SFCgU/maxresdefault.jpg,1280,720,This data science project series walks through step by step process of how to build a real estate price prediction website. We will first build a model using...,1280,720,,/channel/UCh9nVJoWXmFb7sLApWGcLPQ,0.336
1032,Myths and Realities of Data and Machine Learning in Marketing,0,3.308 visualiza√ß√µes,Publicado em 16 de jul. de 2019,Educa√ß√£o,Myths and Realities of Data and Machine Learning in Marketing,"Columbia Business School
Carregando...
Cancelar inscri√ß√£o de Columbia Business School?
N√£o
Cancelar inscri√ß√£o
Processando...
Inscrever-seInscritoCancelar inscri√ß√£o47,4¬†mil Carregando...
Carregando...
Processando...","3.308 visualiza√ß√µes
79
Gostou deste v√≠deo?
Fa√ßa login para que sua opini√£o seja levada em conta.
Fazer login
80
2
N√£o gostou deste v√≠deo?
Fa√ßa login para que sua opini√£o seja levada em conta.
Fazer login
3",https://i.ytimg.com/vi/kVxNRigNlZg/maxresdefault.jpg,1280,720,"Data and machine learning can help move the needle for brands, but it‚Äôs often challenging for marketers to know where to start‚Äîand what‚Äôs fact vs. fiction. I...",1280,720,,/channel/UCwWeR7z1tDD-SFkWjQrUrQA,0.102
952,Best Data Scientists on Kaggle from 2011-2020,0,6 visualiza√ß√µes,Publicado em 31 de mai. de 2020,Pessoas e blogs,Best Data Scientists on Kaggle from 2011-2020,"Data Scientify
Carregando...
Cancelar inscri√ß√£o de Data Scientify?
N√£o
Cancelar inscri√ß√£o
Processando...
Inscrever-seInscritoCancelar inscri√ß√£o0 Carregando...
Carregando...
Processando...","6 visualiza√ß√µes
0
Gostou deste v√≠deo?
Fa√ßa login para que sua opini√£o seja levada em conta.
Fazer login
1
0
N√£o gostou deste v√≠deo?
Fa√ßa login para que sua opini√£o seja levada em conta.
Fazer login
1",https://i.ytimg.com/vi/guLZ_2WcEqM/maxresdefault.jpg,1280,720,Top 10 Data Scientists ranked globally on Kaggle of last decade! Data Source: Meta Kaggle,1280,720,,/channel/UCq1oJ_UXIFwPHSMXufkF8wg,0.09
1025,Interactive talk on your way forward | Data Science | Townhall,0,395 visualiza√ß√µes,Transmitido ao vivo em 30 de mai. de 2020,Entretenimento,Interactive talk on your way forward | Data Science | Townhall,"utsav aggarwal
Carregando...
Cancelar inscri√ß√£o de utsav aggarwal?
N√£o
Cancelar inscri√ß√£o
Processando...
Inscrever-seInscritoCancelar inscri√ß√£o1,92¬†mil Carregando...
Carregando...
Processando...","395 visualiza√ß√µes
45
Gostou deste v√≠deo?
Fa√ßa login para que sua opini√£o seja levada em conta.
Fazer login
46
0
N√£o gostou deste v√≠deo?
Fa√ßa login para que sua opini√£o seja levada em conta.
Fazer login
1",https://i.ytimg.com/vi/kElq697t4VY/maxresdefault.jpg,1280,720,"In this session, we will cover topics like: - Where should a data science aspirant focus the most - How to apply for jobs for maximum response - How to build...",1280,720,nlp,/channel/UCSz5IBDVS2zlPcZofdZfELg,0.182
1067,How to Make a Data Science Project with Kaggle (AI Adventures),0,89.416 visualiza√ß√µes,Publicado em 3 de jul. de 2018,Ci√™ncia e tecnologia,How to Make a Data Science Project with Kaggle (AI Adventures),"Google Cloud Platform
Carregando...
Cancelar inscri√ß√£o de Google Cloud Platform?
N√£o
Cancelar inscri√ß√£o
Processando...
Inscrever-seInscritoCancelar inscri√ß√£o473¬†mil Carregando...
Carregando...
Processando...","89.416 visualiza√ß√µes
2.097
Gostou deste v√≠deo?
Fa√ßa login para que sua opini√£o seja levada em conta.
Fazer login
2.098
23
N√£o gostou deste v√≠deo?
Fa√ßa login para que sua opini√£o seja levada em conta.
Fazer login
24",https://i.ytimg.com/vi/m2DfpM6MyB8/maxresdefault.jpg,1280,720,"It can take a lot of tools to do data science, but Kaggle is a one-stop shop that provides all the tools to share and collaborate on data science projects. I...",1280,720,GDS: Yes;,/channel/UCJS9pqu9BzkAMNTmzNMNhvg,0.273
1060,DataFest - –ü–∞–≤–µ–ª –ü–ª–µ—Å–∫–æ–≤ (DataNerds.ai) - How To Win Kaggle Competitions,0,2.494 visualiza√ß√µes,Publicado em 21 de out. de 2018,Pessoas e blogs,DataFest - –ü–∞–≤–µ–ª –ü–ª–µ—Å–∫–æ–≤ (DataNerds.ai) - How To Win Kaggle Competitions,"videoCFT
Carregando...
Cancelar inscri√ß√£o de videoCFT?
N√£o
Cancelar inscri√ß√£o
Processando...
Inscrever-seInscritoCancelar inscri√ß√£o963 Carregando...
Carregando...
Processando...","2.494 visualiza√ß√µes
62
Gostou deste v√≠deo?
Fa√ßa login para que sua opini√£o seja levada em conta.
Fazer login
63
3
N√£o gostou deste v√≠deo?
Fa√ßa login para que sua opini√£o seja levada em conta.
Fazer login
4",https://i.ytimg.com/vi/leD0agQkO9s/maxresdefault.jpg,1280,720,"Data Fest Siberia - –ø–µ—Ä–≤–∞—è Data Science –∫–æ–Ω—Ñ–µ—Ä–µ–Ω—Ü–∏—è –¥–ª—è –∏—Å—Å–ª–µ–¥–æ–≤–∞—Ç–µ–ª–µ–π, –∏–Ω–∂–µ–Ω–µ—Ä–æ–≤ –∏ —Ä–∞–∑—Ä–∞–±–æ—Ç—á–∏–∫–æ–≤ –≤ –°–∏–±–∏—Ä–∏. –ü–æ–¥—Ä–æ–±–Ω–µ–µ –æ –∫–æ–Ω—Ñ–µ—Ä–µ–Ω—Ü–∏–∏: http://fest.ai/siberia/ ...",1280,720,–¶–§–¢,/channel/UCv5Gi05tpsfPDbprgLeBGWA,0.327