,watch-title,y,watch-view-count,watch-time-text,content_watch-info-tag-list,watch7-headline,watch7-user-header,watch8-sentiment-actions,og:image,og:image:width,og:image:height,og:description,og:video:width,og:video:height,og:video:tag,channel_link_0,p
510,Lecture 11 - Introduction to Neural Networks | Stanford CS229: Machine Learning (Autumn 2018),,8.831 visualizações,Publicado em 17 de abr. de 2020,Educação,Lecture 11 - Introduction to Neural Networks | Stanford CS229: Machine Learning (Autumn 2018),"stanfordonline
Carregando...
Cancelar inscrição de stanfordonline?
Não
Cancelar inscrição
Processando...
Inscrever-seInscritoCancelar inscrição169 mil Carregando...
Carregando...
Processando...","8.831 visualizações
127
Gostou deste vídeo?
Faça login para que sua opinião seja levada em conta.
Fazer login
128
0
Não gostou deste vídeo?
Faça login para que sua opinião seja levada em conta.
Fazer login
1",https://i.ytimg.com/vi/MfIjxPh6Pys/maxresdefault.jpg,1280,720,Take an adapted version of this course as part of the Stanford Artificial Intelligence Professional Program. Learn more at: https://stanford.io/3bhmLce Kian ...,1280.0,720.0,,/channel/UCBa5G_ESCn8Yd4vw5U-gIcg,0.529
530,Kaggle Competition- Dengue or Malaria Prediction Using Transfer Learning VGG19,,4.679 visualizações,Publicado em 17 de set. de 2019,Educação,"#MalariaDetection
Kaggle Competition- Dengue or Malaria Prediction Using Transfer Learning VGG19","Krish Naik
Carregando...
Cancelar inscrição de Krish Naik?
Não
Cancelar inscrição
Processando...
Inscrever-seInscritoCancelar inscrição172 mil Carregando...
Carregando...
Processando...","4.679 visualizações
92
Gostou deste vídeo?
Faça login para que sua opinião seja levada em conta.
Fazer login
93
2
Não gostou deste vídeo?
Faça login para que sua opinião seja levada em conta.
Fazer login
3",https://i.ytimg.com/vi/NjvX4BhOjOw/hqdefault.jpg,480,360,In this video we will implement transfer learning in deep learning to predict Malaria Disease ##MalariaDetection Github url: https://github.com/krishnaik06/M...,1280.0,720.0,VGG19,/channel/UCNU_lfiiWBdtULKOw6X0Dig,0.542
538,Career AMA with Jeff Dean | CareerCon 2019| Kaggle,,1.293 visualizações,Publicado em 15 de ago. de 2019,Ciência e tecnologia,Career AMA with Jeff Dean | CareerCon 2019| Kaggle,"Kaggle
Carregando...
Cancelar inscrição de Kaggle?
Não
Cancelar inscrição
Processando...
Inscrever-seInscritoCancelar inscrição54,2 mil Carregando...
Carregando...
Processando...","1.293 visualizações
45
Gostou deste vídeo?
Faça login para que sua opinião seja levada em conta.
Fazer login
46
0
Não gostou deste vídeo?
Faça login para que sua opinião seja levada em conta.
Fazer login
1",https://i.ytimg.com/vi/OCij9sjR1xU/maxresdefault.jpg,1280,720,"""In this AMA, Jeff will share his path into data science from academia, his stumbles, successes and the wisdom he's picked up for budding machine learning en...",1280.0,720.0,CS,/channel/UCSNeZleDn9c74yQc-EKnVTA,0.718
547,Lecture 13 - Debugging ML Models and Error Analysis | Stanford CS229: Machine Learning (Autumn 2018),,3.022 visualizações,Publicado em 17 de abr. de 2020,Educação,Lecture 13 - Debugging ML Models and Error Analysis | Stanford CS229: Machine Learning (Autumn 2018),"stanfordonline
Carregando...
Cancelar inscrição de stanfordonline?
Não
Cancelar inscrição
Processando...
Inscrever-seInscritoCancelar inscrição169 mil Carregando...
Carregando...
Processando...","3.022 visualizações
55
Gostou deste vídeo?
Faça login para que sua opinião seja levada em conta.
Fazer login
56
0
Não gostou deste vídeo?
Faça login para que sua opinião seja levada em conta.
Fazer login
1",https://i.ytimg.com/vi/ORrStCArmP4/maxresdefault.jpg,1280,720,Take an adapted version of this course as part of the Stanford Artificial Intelligence Professional Program. Learn more at: https://stanford.io/3bhmLce Andre...,1280.0,720.0,,/channel/UCBa5G_ESCn8Yd4vw5U-gIcg,0.533
559,Porque estudar Data Science com a Udacity e a Tableau - TecMundo,,9.431 visualizações,Publicado em 23 de nov. de 2018,Ciência e tecnologia,Porque estudar Data Science com a Udacity e a Tableau - TecMundo,"TecMundo
Carregando...
Cancelar inscrição de TecMundo?
Não
Cancelar inscrição
Processando...
Inscrever-seInscritoCancelar inscrição3,62 mi Carregando...
Carregando...
Processando...","9.431 visualizações
686
Gostou deste vídeo?
Faça login para que sua opinião seja levada em conta.
Fazer login
687
17
Não gostou deste vídeo?
Faça login para que sua opinião seja levada em conta.
Fazer login
18",https://i.ytimg.com/vi/Opc9D-CTPuQ/maxresdefault.jpg,1280,720,#[Tipo: Publieditorial] CRÉDITOS Texto: Leonardo Rocha Imagens: Renan Pagliarusi Edição de vídeo: Larissa Kinoshita Motion Graphics: Gustavo Silva Arte da th...,1280.0,720.0,notícias,/channel/UCdmGjywrxeOPfC7vDllmSgQ,0.587
567,What are Hiring Managers Really Looking For? | CareerCon 2019 | Kaggle,,1.447 visualizações,Publicado em 15 de ago. de 2019,Ciência e tecnologia,What are Hiring Managers Really Looking For? | CareerCon 2019 | Kaggle,"Kaggle
Carregando...
Cancelar inscrição de Kaggle?
Não
Cancelar inscrição
Processando...
Inscrever-seInscritoCancelar inscrição54,2 mil Carregando...
Carregando...
Processando...","1.447 visualizações
49
Gostou deste vídeo?
Faça login para que sua opinião seja levada em conta.
Fazer login
50
0
Não gostou deste vídeo?
Faça login para que sua opinião seja levada em conta.
Fazer login
1",https://i.ytimg.com/vi/P36CHxH_8OU/maxresdefault.jpg,1280,720,"When scanning job descriptions, it can seem like hiring managers are looking for impossibly well-rounded and experienced data scientists. In this session wit...",1280.0,720.0,careercon,/channel/UCSNeZleDn9c74yQc-EKnVTA,0.606
586,Stanford CS230: Deep Learning | Autumn 2018 | Lecture 1 - Class Introduction and Logistics,,399.032 visualizações,Publicado em 21 de mar. de 2019,Educação,Stanford CS230: Deep Learning | Autumn 2018 | Lecture 1 - Class Introduction and Logistics,"stanfordonline
Carregando...
Cancelar inscrição de stanfordonline?
Não
Cancelar inscrição
Processando...
Inscrever-seInscritoCancelar inscrição169 mil Carregando...
Carregando...
Processando...","399.032 visualizações
6.280
Gostou deste vídeo?
Faça login para que sua opinião seja levada em conta.
Fazer login
6.281
95
Não gostou deste vídeo?
Faça login para que sua opinião seja levada em conta.
Fazer login
96",https://i.ytimg.com/vi/PySo_6S4ZAg/maxresdefault.jpg,1280,720,"Andrew Ng, Adjunct Professor & Kian Katanforoosh, Lecturer - Stanford University https://stanford.io/3eJW8yT Andrew Ng Adjunct Professor, Computer Science Ki...",1280.0,720.0,,/channel/UCBa5G_ESCn8Yd4vw5U-gIcg,0.445
590,Data Science Project - 6 : Python Flask Server (Real Estate Price Prediction Project),,9.879 visualizações,Publicado em 31 de dez. de 2019,Educação,Data Science Project - 6 : Python Flask Server (Real Estate Price Prediction Project),"codebasics
Carregando...
Cancelar inscrição de codebasics?
Não
Cancelar inscrição
Processando...
Inscrever-seInscritoCancelar inscrição116 mil Carregando...
Carregando...
Processando...","9.879 visualizações
97
Gostou deste vídeo?
Faça login para que sua opinião seja levada em conta.
Fazer login
98
4
Não gostou deste vídeo?
Faça login para que sua opinião seja levada em conta.
Fazer login
5",https://i.ytimg.com/vi/Q5JyawS8f5Q/maxresdefault.jpg,1280,720,This data science project series walks through step by step process of how to build a real estate price prediction website. We will first build a model using...,1280.0,720.0,,/channel/UCh9nVJoWXmFb7sLApWGcLPQ,0.443
596,"Stanford CS224N: NLP with Deep Learning | Winter 2019 | Lecture 7 – Vanishing Gradients, Fancy RNNs",,33.516 visualizações,Publicado em 21 de mar. de 2019,Educação,"Stanford CS224N: NLP with Deep Learning | Winter 2019 | Lecture 7 – Vanishing Gradients, Fancy RNNs","stanfordonline
Carregando...
Cancelar inscrição de stanfordonline?
Não
Cancelar inscrição
Processando...
Inscrever-seInscritoCancelar inscrição169 mil Carregando...
Carregando...
Processando...","33.516 visualizações
334
Gostou deste vídeo?
Faça login para que sua opinião seja levada em conta.
Fazer login
335
5
Não gostou deste vídeo?
Faça login para que sua opinião seja levada em conta.
Fazer login
6",https://i.ytimg.com/vi/QEw0qEa0E50/maxresdefault.jpg,1280,720,"Professor Christopher Manning & PhD Candidate Abigail See, Stanford University http://onlinehub.stanford.edu/ Professor Christopher Manning Thomas M. Siebel ...",1280.0,720.0,,/channel/UCBa5G_ESCn8Yd4vw5U-gIcg,0.851
599,Stock Price Prediction Using Python & Machine Learning,,247.071 visualizações,Publicado em 21 de dez. de 2019,Ciência e tecnologia,"#StockPrediction #Python #MachineLearning
Stock Price Prediction Using Python & Machine Learning","Computer Science
Carregando...
Cancelar inscrição de Computer Science?
Não
Cancelar inscrição
Processando...
Inscrever-seInscritoCancelar inscrição28,4 mil Carregando...
Carregando...
Processando...","247.071 visualizações
6.233
Gostou deste vídeo?
Faça login para que sua opinião seja levada em conta.
Fazer login
6.234
184
Não gostou deste vídeo?
Faça login para que sua opinião seja levada em conta.
Fazer login
185",https://i.ytimg.com/vi/QIUxPv5PJOY/maxresdefault.jpg,1280,720,Stock Price Prediction Using Python & Machine Learning (LSTM). In this video you will learn how to create an artificial neural network called Long Short Term...,1280.0,720.0,,/channel/UCbmb5IoBtHZTpYZCDBOC1CA,0.475
604,How to Tackle a Data Science Problem: House Pricing Prediction,,9.315 visualizações,Publicado em 11 de jul. de 2019,Ciência e tecnologia,"#adventure #lifeatgojek
How to Tackle a Data Science Problem: House Pricing Prediction","Life at Gojek
Carregando...
Cancelar inscrição de Life at Gojek?
Não
Cancelar inscrição
Processando...
Inscrever-seInscritoCancelar inscrição19,5 mil Carregando...
Carregando...
Processando...","9.315 visualizações
359
Gostou deste vídeo?
Faça login para que sua opinião seja levada em conta.
Fazer login
360
7
Não gostou deste vídeo?
Faça login para que sua opinião seja levada em conta.
Fazer login
8",https://i.ytimg.com/vi/QRtw_xDOmm4/maxresdefault.jpg,1280,720,Who here wants to learn data science? GOJEK Data Scientists Ridlo and Dipta will give you a quick course on how we solve a problem with a Data Science approa...,1280.0,720.0,edureka,/channel/UC6IbXmy2zEeqS7XB0f1z-Uw,0.461
620,flowlightさん『TalkingData AdTracking Fraud Detection Challenge』- Kaggle meetup Tokyo #4,,1.960 visualizações,Publicado em 12 de mai. de 2018,Pessoas e blogs,flowlightさん『TalkingData AdTracking Fraud Detection Challenge』- Kaggle meetup Tokyo #4,"Takami Sato
Carregando...
Cancelar inscrição de Takami Sato?
Não
Cancelar inscrição
Processando...
Inscrever-seInscritoCancelar inscrição2,24 mil Carregando...
Carregando...
Processando...","1.960 visualizações
19
Gostou deste vídeo?
Faça login para que sua opinião seja levada em conta.
Fazer login
20
1
Não gostou deste vídeo?
Faça login para que sua opinião seja levada em conta.
Fazer login
2",https://i.ytimg.com/vi/RKXUEJVJJ-o/maxresdefault.jpg,1280,720,資料 https://www.slideshare.net/TakanoriHayashi3/talkingdata-adtracking-fraud-detection-challenge-1st-place-solution Kaggle meetup tokyo #4 https://connpass.co...,1280.0,720.0,kaggle,/channel/UCiECS_auJLNpFsvjTi1WuxQ,0.491
639,Master Class | Data Science Adoption & Transformation – key enablers,,9 visualizações,Publicado em 1 de jun. de 2020,Educação,Master Class | Data Science Adoption & Transformation – key enablers,"Porto Business School
Carregando...
Cancelar inscrição de Porto Business School?
Não
Cancelar inscrição
Processando...
Inscrever-seInscritoCancelar inscrição1,57 mil Carregando...
Carregando...
Processando...","9 visualizações
0
Gostou deste vídeo?
Faça login para que sua opinião seja levada em conta.
Fazer login
1
0
Não gostou deste vídeo?
Faça login para que sua opinião seja levada em conta.
Fazer login
1",https://i.ytimg.com/vi/SRD0I9dDG2o/maxresdefault.jpg,1280,720,Sara Gomes é Analytics Strategy Manager (AI) na Accenture em Portugal. Como pode a área de Analytics suportar o nosso negócio? IT e negócio - como se complem...,1280.0,720.0,,/channel/UC2js2QRbzcKeiCXfp2W6_kw,0.519
665,First Kaggle Competition | MNIST | Top 7% | 99.70% Accuracy |,,2 visualizações,Publicado em 1 de jun. de 2020,Educação,First Kaggle Competition | MNIST | Top 7% | 99.70% Accuracy |,"Ashish Jangra
Carregando...
Cancelar inscrição de Ashish Jangra?
Não
Cancelar inscrição
Processando...
Inscrever-seInscritoCancelar inscrição26 Carregando...
Carregando...
Processando...","2 visualizações
4
Gostou deste vídeo?
Faça login para que sua opinião seja levada em conta.
Fazer login
5
0
Não gostou deste vídeo?
Faça login para que sua opinião seja levada em conta.
Fazer login
1",https://i.ytimg.com/vi/TdEb7m0OGa4/maxresdefault.jpg,1280,720,"This Video is to make you understand How to go for a data science competition on Kaggle, How to use Kaggle, How to approach the problem, Data Processing, and...",1280.0,720.0,,/channel/UCWj8pyoryW4du2zPYXMqsKg,0.508
666,Kaggle Earthquake Prediction Challenge,,52.556 visualizações,Publicado em 18 de fev. de 2019,Educação,Kaggle Earthquake Prediction Challenge,"Siraj Raval
Carregando...
Cancelar inscrição de Siraj Raval?
Não
Cancelar inscrição
Processando...
Inscrever-seInscritoCancelar inscrição707 mil Carregando...
Carregando...
Processando...","52.556 visualizações
1.414
Gostou deste vídeo?
Faça login para que sua opinião seja levada em conta.
Fazer login
1.415
53
Não gostou deste vídeo?
Faça login para que sua opinião seja levada em conta.
Fazer login
54",https://i.ytimg.com/vi/TffGdSsWKlA/hqdefault.jpg,480,360,Data Science coding challenge time! The popular Data Science competition website Kaggle has an ongoing competition to solve the problem of earthquake predict...,1280.0,720.0,competition,/channel/UCWN3xxRkmTPmbKwht9FuE5A,0.614
691,Logistic Regression in Python | Logistic Regression Example | Machine Learning Algorithms | Edureka,,175.663 visualizações,Publicado em 29 de mai. de 2018,Educação,"#Edureka #EdurekaMachineLearning #logisticregression
Logistic Regression in Python | Logistic Regression Example | Machine Learning Algorithms | Edureka","edureka!
Carregando...
Cancelar inscrição de edureka!?
Não
Cancelar inscrição
Processando...
Inscrever-seInscritoCancelar inscrição1,76 mi Carregando...
Carregando...
Processando...","175.663 visualizações
2.403
Gostou deste vídeo?
Faça login para que sua opinião seja levada em conta.
Fazer login
2.404
84
Não gostou deste vídeo?
Faça login para que sua opinião seja levada em conta.
Fazer login
85",https://i.ytimg.com/vi/VCJdg7YBbAQ/maxresdefault.jpg,1280,720,** Python Data Science Training : https://www.edureka.co/data-science-python-certification-course ** This Edureka Video on Logistic Regression in Python will...,1280.0,720.0,edureka,/channel/UCkw4JCwteGrDHIsyIIKo4tQ,0.527
730,CHULA MOOC Achieve | Data Science Pathway,,16.801 visualizações,Publicado em 14 de ago. de 2018,Educação,CHULA MOOC Achieve | Data Science Pathway,"CHULA MOOC Achieve
Carregando...
Cancelar inscrição de CHULA MOOC Achieve?
Não
Cancelar inscrição
Processando...
Inscrever-seInscritoCancelar inscrição439 Carregando...
Carregando...
Processando...","16.801 visualizações
45
Gostou deste vídeo?
Faça login para que sua opinião seja levada em conta.
Fazer login
46
0
Não gostou deste vídeo?
Faça login para que sua opinião seja levada em conta.
Fazer login
1",https://i.ytimg.com/vi/WUqP_bO1Fiw/maxresdefault.jpg,1280,720,CHULA MOOC Achieve | Data Science Pathway สมัครเรียนเลย ! https://www.chulamoocachieve.com/pathway/data-science CHULA MOOC Achieve คอร์สเรียนออนไลน์สุดทันสมั...,1280.0,720.0,science,/channel/UCfvY0wBDnzihn6yLVNwpu_g,0.457
740,How To Get A Job in Machine Learning (No Degree Required $121k Salary),,138.202 visualizações,Publicado em 7 de jul. de 2018,,How To Get A Job in Machine Learning (No Degree Required $121k Salary),"Matt Tran
Carregando...
Cancelar inscrição de Matt Tran?
Não
Cancelar inscrição
Processando...
Inscrever-seInscritoCancelar inscrição435 mil Carregando...
Carregando...
Processando...","138.202 visualizações
3.794
Gostou deste vídeo?
Faça login para que sua opinião seja levada em conta.
Fazer login
3.795
387
Não gostou deste vídeo?
Faça login para que sua opinião seja levada em conta.
Fazer login
388",https://i.ytimg.com/vi/WtbejUEcPaU/maxresdefault.jpg,1280,720,Joel began writing code at age 13 selling his first technology by age 18 for one million dollars. Use AI to find you a job in tech: http://www.engineeredtrut...,1280.0,720.0,how to get a job,/channel/UChj0w0duKtp7SDd_X9CNptw,0.438
754,"Stanford CS224N: NLP with Deep Learning | Winter 2019 | Lecture 8 – Translation, Seq2Seq, Attention",,41.780 visualizações,Publicado em 2 de mai. de 2019,Educação,"Stanford CS224N: NLP with Deep Learning | Winter 2019 | Lecture 8 – Translation, Seq2Seq, Attention","stanfordonline
Carregando...
Cancelar inscrição de stanfordonline?
Não
Cancelar inscrição
Processando...
Inscrever-seInscritoCancelar inscrição169 mil Carregando...
Carregando...
Processando...","41.780 visualizações
570
Gostou deste vídeo?
Faça login para que sua opinião seja levada em conta.
Fazer login
571
9
Não gostou deste vídeo?
Faça login para que sua opinião seja levada em conta.
Fazer login
10",https://i.ytimg.com/vi/XXtpJxZBa2c/maxresdefault.jpg,1280,720,"Professor Christopher Manning & PhD Candidate Abigail See, Stanford University http://onlinehub.stanford.edu/ Professor Christopher Manning Thomas M. Siebel ...",1280.0,720.0,,/channel/UCBa5G_ESCn8Yd4vw5U-gIcg,0.847
770,Real talk with Walmart Data Scientist | Mentor at Springboard,,11.869 visualizações,Publicado em 21 de jul. de 2019,Educação,Real talk with Walmart Data Scientist | Mentor at Springboard,"Springboard India
Carregando...
Cancelar inscrição de Springboard India?
Não
Cancelar inscrição
Processando...
Inscrever-seInscritoCancelar inscrição27,1 mil Carregando...
Carregando...
Processando...","11.869 visualizações
427
Gostou deste vídeo?
Faça login para que sua opinião seja levada em conta.
Fazer login
428
7
Não gostou deste vídeo?
Faça login para que sua opinião seja levada em conta.
Fazer login
8",https://i.ytimg.com/vi/YTBk-WLOKMI/hqdefault.jpg,480,360,Data Science discussion with Neeraj Agrawal (Senior Data Scientist at Walmart Labs and Mentor at Springboard). Previously at Honeywell Technology Solutions I...,1280.0,720.0,Honeywell,/channel/UCg5UINpJgS4uqWZkv2Qh1Mw,0.45
783,LANL Earthquake Prediction | Hideki Murata (currypurin) | Kaggle Days,,1.413 visualizações,Publicado em 30 de jan. de 2020,Ciência e tecnologia,LANL Earthquake Prediction | Hideki Murata (currypurin) | Kaggle Days,"Kaggle
Carregando...
Cancelar inscrição de Kaggle?
Não
Cancelar inscrição
Processando...
Inscrever-seInscritoCancelar inscrição54,2 mil Carregando...
Carregando...
Processando...","1.413 visualizações
38
Gostou deste vídeo?
Faça login para que sua opinião seja levada em conta.
Fazer login
39
1
Não gostou deste vídeo?
Faça login para que sua opinião seja levada em conta.
Fazer login
2",https://i.ytimg.com/vi/Z0F7e5eidsk/maxresdefault.jpg,1280,720,"Japanese language. Kaggle Days Tokyo took place on December 11-12, 2019 at Mori Tower, Roppongi Hills, Tokyo. This was the 6th edition of our signature two-d...",1280.0,720.0,CS,/channel/UCSNeZleDn9c74yQc-EKnVTA,0.635
861,Dynamic pricing through data science,,5.530 visualizações,Publicado em 26 de mar. de 2019,Pessoas e blogs,Dynamic pricing through data science,"Stylianos Kampakis
Carregando...
Cancelar inscrição de Stylianos Kampakis?
Não
Cancelar inscrição
Processando...
Inscrever-seInscritoCancelar inscrição350 Carregando...
Carregando...
Processando...","5.530 visualizações
79
Gostou deste vídeo?
Faça login para que sua opinião seja levada em conta.
Fazer login
80
3
Não gostou deste vídeo?
Faça login para que sua opinião seja levada em conta.
Fazer login
4",https://i.ytimg.com/vi/cKPaIsOQslo/maxresdefault.jpg,1280,720,"Data science can be used to optimise prices and help retailers reach a wider audience. This video explains some of the different methods that exist to do so,...",1280.0,720.0,yt:cc=on,/channel/UClyTBR1b0ZEcZgWEhFf2POg,0.638
867,Data Science பற்றி ஒரு எளிய விளக்கம்,,12.637 visualizações,Publicado em 19 de out. de 2019,Ciência e tecnologia,Data Science பற்றி ஒரு எளிய விளக்கம்,"Learn Tech
Carregando...
Cancelar inscrição de Learn Tech?
Não
Cancelar inscrição
Processando...
Inscrever-seInscritoCancelar inscrição17 mil Carregando...
Carregando...
Processando...","12.637 visualizações
607
Gostou deste vídeo?
Faça login para que sua opinião seja levada em conta.
Fazer login
608
4
Não gostou deste vídeo?
Faça login para que sua opinião seja levada em conta.
Fazer login
5",https://i.ytimg.com/vi/cVxELmATmOU/hqdefault.jpg,480,360,●►Instagram : https://www.instagram.com/sundarssp/ ●►Facebook : https://www.facebook.com/learntechofficial,1280.0,720.0,visualization tools,/channel/UCzNFj4KZTV72DsrGoDquVQQ,0.478
869,"Python for Data Analysis Tutorial - Setup, Read File & First Chart",,108.540 visualizações,Publicado em 2 de nov. de 2018,Ciência e tecnologia,"Python for Data Analysis Tutorial - Setup, Read File & First Chart","Academind
Carregando...
Cancelar inscrição de Academind?
Não
Cancelar inscrição
Processando...
Inscrever-seInscritoCancelar inscrição524 mil Carregando...
Carregando...
Processando...","108.540 visualizações
2.158
Gostou deste vídeo?
Faça login para que sua opinião seja levada em conta.
Fazer login
2.159
40
Não gostou deste vídeo?
Faça login para que sua opinião seja levada em conta.
Fazer login
41",https://i.ytimg.com/vi/cXP_i5-nTXg/maxresdefault.jpg,1280,720,How can we get started with data analysis or data science - so for example read and change data and also create our first quick chart - in Python? Besides Py...,1280.0,720.0,python csv,/channel/UCSJbGtTlrDami-tDGPUV9-w,0.459
886,Elias Bareinboim -- Causal Data Science,,2.966 visualizações,Publicado em 26 de set. de 2019,,Elias Bareinboim -- Causal Data Science,"CausalAI
Carregando...
Cancelar inscrição de CausalAI?
Não
Cancelar inscrição
Processando...
Inscrever-seInscritoCancelar inscrição370 Carregando...
Carregando...
Processando...","2.966 visualizações
48
Gostou deste vídeo?
Faça login para que sua opinião seja levada em conta.
Fazer login
49
2
Não gostou deste vídeo?
Faça login para que sua opinião seja levada em conta.
Fazer login
3",https://i.ytimg.com/vi/dUsokjG4DHc/maxresdefault.jpg,1280,720,"Talk by Professor Elias Bareinboim on ""Causal Data Science: A general framework for data fusion and causal inference"", which took place at Columbia Universit...",1280.0,720.0,causal effects,/channel/UCb4sDyXhAr8zmI3Sv_TXMaA,0.593
901,Solving real world data science tasks with Python Pandas!,,174.783 visualizações,Publicado em 13 de jan. de 2020,Educação,Solving real world data science tasks with Python Pandas!,"Keith Galli
Carregando...
Cancelar inscrição de Keith Galli?
Não
Cancelar inscrição
Processando...
Inscrever-seInscritoCancelar inscrição51,9 mil Carregando...
Carregando...
Processando...","174.783 visualizações
6.937
Gostou deste vídeo?
Faça login para que sua opinião seja levada em conta.
Fazer login
6.938
52
Não gostou deste vídeo?
Faça login para que sua opinião seja levada em conta.
Fazer login
53",https://i.ytimg.com/vi/eMOA1pPVUc4/hqdefault.jpg,480,360,In this video we use Python Pandas & Python Matplotlib to analyze and answer business questions about 12 months worth of sales data. The data contains hundre...,1280.0,720.0,panda,/channel/UCq6XkhO5SZ66N04IcPbqNcw,0.481
918,DATA SCIENCE,,2.760 visualizações,Transmitido ao vivo em 27 de mai. de 2020,Educação,DATA SCIENCE,"E-learning Galileo
Carregando...
Cancelar inscrição de E-learning Galileo?
Não
Cancelar inscrição
Processando...
Inscrever-seInscritoCancelar inscrição2,73 mil Carregando...
Carregando...
Processando...","2.760 visualizações
104
Gostou deste vídeo?
Faça login para que sua opinião seja levada em conta.
Fazer login
105
2
Não gostou deste vídeo?
Faça login para que sua opinião seja levada em conta.
Fazer login
3",https://i.ytimg.com/vi/fH_RLkPwMiM/hqdefault.jpg,480,360,IIO ROCAEL,1280.0,720.0,,/channel/UCYF3XZpUybXgZ4I28RgG27w,0.459
927,How to use kaggle,,196 visualizações,Publicado em 1 de mar. de 2020,Educação,"India
How to use kaggle","Ravinder Ram
Carregando...
Cancelar inscrição de Ravinder Ram?
Não
Cancelar inscrição
Processando...
Inscrever-seInscritoCancelar inscrição407 Carregando...
Carregando...
Processando...","196 visualizações
11
Gostou deste vídeo?
Faça login para que sua opinião seja levada em conta.
Fazer login
12
0
Não gostou deste vídeo?
Faça login para que sua opinião seja levada em conta.
Fazer login
1",https://i.ytimg.com/vi/fskbFPBwAgA/maxresdefault.jpg,1280,720,In this video i explained you what is kaggle how to join in kaggle competition like titanic then how you can download the dataset for making Machine learning...,1280.0,720.0,kaggle competition,/channel/UC7iy-RtOztlQzz74MlkSQUA,0.454
937,075. Карьера в data science: типичные ошибки на собеседовании – Валерий Бабушкин,,48.447 visualizações,Publicado em 19 de nov. de 2018,Ciência e tecnologia,075. Карьера в data science: типичные ошибки на собеседовании – Валерий Бабушкин,"Компьютерные науки
Carregando...
Cancelar inscrição de Компьютерные науки?
Não
Cancelar inscrição
Processando...
Inscrever-seInscritoCancelar inscrição34 mil Carregando...
Carregando...
Processando...","48.447 visualizações
1.366
Gostou deste vídeo?
Faça login para que sua opinião seja levada em conta.
Fazer login
1.367
67
Não gostou deste vídeo?
Faça login para que sua opinião seja levada em conta.
Fazer login
68",https://i.ytimg.com/vi/gGce2JDbJAQ/maxresdefault.jpg,1280,720,"- Как найти работу в Data Science, если у тебя еще нет рабочего опыта? - Стоит ли тратить время на kaggle? - Какой путь должен пройти дата саентолог, чтобы с...",1280.0,720.0,Валерий Бабушкин,/channel/UCKFojzto0n4Ab3CRQRZ2zYA,0.442
938,Kaggle Live-Coding: Making text sound old-timey with transformers (Part 5) | Kaggle,,656 visualizações,Transmitido ao vivo em 15 de fev. de 2019,Ciência e tecnologia,Kaggle Live-Coding: Making text sound old-timey with transformers (Part 5) | Kaggle,"Kaggle
Carregando...
Cancelar inscrição de Kaggle?
Não
Cancelar inscrição
Processando...
Inscrever-seInscritoCancelar inscrição54,2 mil Carregando...
Carregando...
Processando...","656 visualizações
19
Gostou deste vídeo?
Faça login para que sua opinião seja levada em conta.
Fazer login
20
0
Não gostou deste vídeo?
Faça login para que sua opinião seja levada em conta.
Fazer login
1",https://i.ytimg.com/vi/gJQpXPcxQWA/maxresdefault.jpg,1280,720,Join Kaggle data scientist Rachael live as she works on data science projects! This week we're going to continue our a project to make current English sound ...,1280.0,720.0,competition,/channel/UCSNeZleDn9c74yQc-EKnVTA,0.471
944,How to run Kaggle Course Exercises,,74 visualizações,Publicado em 23 de abr. de 2020,Educação,How to run Kaggle Course Exercises,"Fascell Tech
Carregando...
Cancelar inscrição de Fascell Tech?
Não
Cancelar inscrição
Processando...
Inscrever-seInscritoCancelar inscrição14 Carregando...
Carregando...
Processando...","74 visualizações
9
Gostou deste vídeo?
Faça login para que sua opinião seja levada em conta.
Fazer login
10
0
Não gostou deste vídeo?
Faça login para que sua opinião seja levada em conta.
Fazer login
1",https://i.ytimg.com/vi/gZc9pEg-Aug/hqdefault.jpg,480,360,https://www.kaggle.com/learn/python,1280.0,720.0,machine learning,/channel/UCS5fdNFBcRc4Ahv9Bj7S7Vg,0.462
945,Dimensionality Reduction: From Kaggle to Real-World | by Carlos Huertas | Kaggle Days San Francisco,,732 visualizações,Publicado em 16 de mai. de 2019,Ciência e tecnologia,Dimensionality Reduction: From Kaggle to Real-World | by Carlos Huertas | Kaggle Days San Francisco,"Kaggle
Carregando...
Cancelar inscrição de Kaggle?
Não
Cancelar inscrição
Processando...
Inscrever-seInscritoCancelar inscrição54,2 mil Carregando...
Carregando...
Processando...","732 visualizações
34
Gostou deste vídeo?
Faça login para que sua opinião seja levada em conta.
Fazer login
35
0
Não gostou deste vídeo?
Faça login para que sua opinião seja levada em conta.
Fazer login
1",https://i.ytimg.com/vi/gdyuCqmLMUg/hqdefault.jpg,480,360,"Carlos Huertas ""Dimensionality Reduction: From Kaggle to Real-World"" Kaggle Days San Francisco held in April 2019 gathered over 300 participants to meet, lea...",1280.0,720.0,kaggle days,/channel/UCSNeZleDn9c74yQc-EKnVTA,0.457
964,Lecture 3 - Locally Weighted & Logistic Regression | Stanford CS229: Machine Learning (Autumn 2018),,20.012 visualizações,Publicado em 17 de abr. de 2020,,Lecture 3 - Locally Weighted & Logistic Regression | Stanford CS229: Machine Learning (Autumn 2018),"stanfordonline
Carregando...
Cancelar inscrição de stanfordonline?
Não
Cancelar inscrição
Processando...
Inscrever-seInscritoCancelar inscrição169 mil Carregando...
Carregando...
Processando...","20.012 visualizações
274
Gostou deste vídeo?
Faça login para que sua opinião seja levada em conta.
Fazer login
275
4
Não gostou deste vídeo?
Faça login para que sua opinião seja levada em conta.
Fazer login
5",https://i.ytimg.com/vi/het9HFqo1TQ/maxresdefault.jpg,1280,720,Take an adapted version of this course as part of the Stanford Artificial Intelligence Professional Program. Learn more at: https://stanford.io/3bhmLce Andre...,1280.0,720.0,,/channel/UCBa5G_ESCn8Yd4vw5U-gIcg,0.517
970,MIT 6.S191 (2019): Deep Reinforcement Learning,,58.208 visualizações,Publicado em 12 de fev. de 2019,Ciência e tecnologia,MIT 6.S191 (2019): Deep Reinforcement Learning,"Alexander Amini
Carregando...
Cancelar inscrição de Alexander Amini?
Não
Cancelar inscrição
Processando...
Inscrever-seInscritoCancelar inscrição54 mil Carregando...
Carregando...
Processando...","58.208 visualizações
932
Gostou deste vídeo?
Faça login para que sua opinião seja levada em conta.
Fazer login
933
8
Não gostou deste vídeo?
Faça login para que sua opinião seja levada em conta.
Fazer login
9",https://i.ytimg.com/vi/i6Mi2_QM3rA/maxresdefault.jpg,1280,720,"MIT Introduction to Deep Learning 6.S191: Lecture 5 Deep Reinforcement Learning Lecturer: Alexander Amini January 2019 For all lectures, slides and lab mater...",1280.0,720.0,openai,/channel/UCtslD4DGH6PKyG_1gFAX7sg,0.497
972,Kaggle Live-coding: Emoji Analysis (part 1) | Kaggle,,5.872 visualizações,Publicado em 16 de mar. de 2018,,Kaggle Live-coding: Emoji Analysis (part 1) | Kaggle,"Kaggle
Carregando...
Cancelar inscrição de Kaggle?
Não
Cancelar inscrição
Processando...
Inscrever-seInscritoCancelar inscrição54,2 mil Carregando...
Carregando...
Processando...","5.872 visualizações
64
Gostou deste vídeo?
Faça login para que sua opinião seja levada em conta.
Fazer login
65
0
Não gostou deste vídeo?
Faça login para que sua opinião seja levada em conta.
Fazer login
1",https://i.ytimg.com/vi/i92VI289zWw/maxresdefault.jpg,1280,720,"Join Kaggle Data Scientist Rachael as she starts a project to analyze patterns of emoji usage. In this section, she picks datasets to use and figures out wha...",640.0,360.0,CS,/channel/UCSNeZleDn9c74yQc-EKnVTA,0.458
976,Demystifying Data Science | Mr.Asitang Mishra | TEDxOakLawn,,39.108 visualizações,Publicado em 23 de jul. de 2019,Sem fins lucrativos/ativismo,Demystifying Data Science | Mr.Asitang Mishra | TEDxOakLawn,"TEDx Talks
Carregando...
Cancelar inscrição de TEDx Talks?
Não
Cancelar inscrição
Processando...
Inscrever-seInscritoCancelar inscrição25,1 mi Carregando...
Carregando...
Processando...","39.108 visualizações
893
Gostou deste vídeo?
Faça login para que sua opinião seja levada em conta.
Fazer login
894
26
Não gostou deste vídeo?
Faça login para que sua opinião seja levada em conta.
Fazer login
27",https://i.ytimg.com/vi/iJUzouXg5kY/maxresdefault.jpg,1280,720,"In this talk Mr.Asitang Mishra relates his experiences as a Data Scientist at the world famous NASA Jet Propulsion Laboratory (JPL). With his wit, intellect,...",1280.0,720.0,Technology,/channel/UCsT0YIqwnpJCM-mx7-gSA4Q,0.437
979,Real Stories from a Panel of Successful Career Switchers | Kaggle,,4.334 visualizações,Transmitido ao vivo em 22 de mar. de 2018,,Real Stories from a Panel of Successful Career Switchers | Kaggle,"Kaggle
Carregando...
Cancelar inscrição de Kaggle?
Não
Cancelar inscrição
Processando...
Inscrever-seInscritoCancelar inscrição54,2 mil Carregando...
Carregando...
Processando...","4.334 visualizações
81
Gostou deste vídeo?
Faça login para que sua opinião seja levada em conta.
Fazer login
82
0
Não gostou deste vídeo?
Faça login para que sua opinião seja levada em conta.
Fazer login
1",https://i.ytimg.com/vi/iP0Fxg4oqUQ/maxresdefault.jpg,1280,720,SUBSCRIBE: http://www.youtube.com/user/kaggledotcom?sub_confirmation=1&utm_medium=youtube&utm_source=channel&utm_campaign=yt-sub About Kaggle: Kaggle is the ...,1280.0,720.0,CS,/channel/UCSNeZleDn9c74yQc-EKnVTA,0.533
990,Kaggle Live-Coding: Are people more likely to use datasets with starter scripts? | Kaggle,,1.302 visualizações,Transmitido ao vivo em 22 de mar. de 2019,Ciência e tecnologia,Kaggle Live-Coding: Are people more likely to use datasets with starter scripts? | Kaggle,"Kaggle
Carregando...
Cancelar inscrição de Kaggle?
Não
Cancelar inscrição
Processando...
Inscrever-seInscritoCancelar inscrição54,2 mil Carregando...
Carregando...
Processando...","1.302 visualizações
27
Gostou deste vídeo?
Faça login para que sua opinião seja levada em conta.
Fazer login
28
0
Não gostou deste vídeo?
Faça login para que sua opinião seja levada em conta.
Fazer login
1",https://i.ytimg.com/vi/jDhvePcNF9I/hqdefault.jpg,480,360,Join Kaggle Data Scientist Rachael as she works on data science projects! Today we'll be looking at Kaggle's own data to figure out whether people are more l...,1280.0,720.0,technology,/channel/UCSNeZleDn9c74yQc-EKnVTA,0.489
1003,Что такое Data Science (наука о данных) простыми словами,,9.462 visualizações,Publicado em 1 de set. de 2019,Educação,"#codeblog #программирование #datascience
Что такое Data Science (наука о данных) простыми словами","CODE BLOG - Программирование и C#
Carregando...
Cancelar inscrição de CODE BLOG - Программирование и C#?
Não
Cancelar inscrição
Processando...
Inscrever-seInscritoCancelar inscrição50,9 mil Carregando...
Carregando...
Processando...","9.462 visualizações
603
Gostou deste vídeo?
Faça login para que sua opinião seja levada em conta.
Fazer login
604
27
Não gostou deste vídeo?
Faça login para que sua opinião seja levada em conta.
Fazer login
28",https://i.ytimg.com/vi/jgLWVHHUIYE/maxresdefault.jpg,1280,720,Записывайся на годовой курс по Data Science школы данных SkillFactory: https://clc.to/FMZ_dg. А по промокоду CODE BLOG можно получить скиду 10%. Data Science...,1280.0,720.0,искусственный интеллект,/channel/UCKCUvcAFFR4UxI9XWVERSkA,0.501
1024,Stanford CS224N: NLP with Deep Learning | Winter 2019 | Lecture 2 – Word Vectors and Word Senses,,92.174 visualizações,Publicado em 11 de mar. de 2019,Educação,Stanford CS224N: NLP with Deep Learning | Winter 2019 | Lecture 2 – Word Vectors and Word Senses,"stanfordonline
Carregando...
Cancelar inscrição de stanfordonline?
Não
Cancelar inscrição
Processando...
Inscrever-seInscritoCancelar inscrição169 mil Carregando...
Carregando...
Processando...","92.174 visualizações
782
Gostou deste vídeo?
Faça login para que sua opinião seja levada em conta.
Fazer login
783
12
Não gostou deste vídeo?
Faça login para que sua opinião seja levada em conta.
Fazer login
13",https://i.ytimg.com/vi/kEMJRjEdNzM/maxresdefault.jpg,1280,720,Take an adapted version of this course as part of the Stanford Artificial Intelligence Professional Program. Learn more at: https://stanford.io/2YdUtfp Profe...,1280.0,720.0,,/channel/UCBa5G_ESCn8Yd4vw5U-gIcg,0.84
1037,COVID-19 Data Analysis and Prediction: Part-1: Data Loading from Kaggle,,408 visualizações,Publicado em 4 de abr. de 2020,,COVID-19 Data Analysis and Prediction: Part-1: Data Loading from Kaggle,"TheClassofAI
Carregando...
Cancelar inscrição de TheClassofAI?
Não
Cancelar inscrição
Processando...
Inscrever-seInscritoCancelar inscrição71 Carregando...
Carregando...
Processando...","408 visualizações
13
Gostou deste vídeo?
Faça login para que sua opinião seja levada em conta.
Fazer login
14
0
Não gostou deste vídeo?
Faça login para que sua opinião seja levada em conta.
Fazer login
1",https://i.ytimg.com/vi/ky1fKr61mLM/hqdefault.jpg,480,360,COVID-19 cases (novel corona virus infections) Data Analysis on Kaggle Data https://www.kaggle.com/c/covid19-global-forecasting-week-3/overview The code for ...,1280.0,720.0,coviddata,/channel/UCYlOdJBJQN4c7k25uzwSwJA,0.467
1051,Google Colab setup and Download dataset from kaggle Bangla Tutorial,,1.348 visualizações,Publicado em 29 de mai. de 2019,Ciência e tecnologia,Google Colab setup and Download dataset from kaggle Bangla Tutorial,"Kardi's Vlog
Carregando...
Cancelar inscrição de Kardi's Vlog?
Não
Cancelar inscrição
Processando...
Inscrever-seInscritoCancelar inscrição Carregando...
Carregando...
Processando...","1.348 visualizações
18
Gostou deste vídeo?
Faça login para que sua opinião seja levada em conta.
Fazer login
19
3
Não gostou deste vídeo?
Faça login para que sua opinião seja levada em conta.
Fazer login
4",https://i.ytimg.com/vi/lL6nzcj6H4c/maxresdefault.jpg,1280,720,Google Colab Bangla Tutorial & download data from kaggle in google colab Google Colab is a free cloud service and now it supports free GPU! Code Link : https...,1280.0,720.0,import data from kaggle in google colab,/channel/UCotMSVde8DsVBE0j6y-WaeQ,0.443
1058,5 Ways Data Science Changed Finance,,7.525 visualizações,Publicado em 22 de jan. de 2020,,"#data #science #finance
5 Ways Data Science Changed Finance","365 Data Science
Carregando...
Cancelar inscrição de 365 Data Science?
Não
Cancelar inscrição
Processando...
Inscrever-seInscritoCancelar inscrição104 mil Carregando...
Carregando...
Processando...","7.525 visualizações
297
Gostou deste vídeo?
Faça login para que sua opinião seja levada em conta.
Fazer login
298
0
Não gostou deste vídeo?
Faça login para que sua opinião seja levada em conta.
Fazer login
1",https://i.ytimg.com/vi/l_FGeEvqYyM/hqdefault.jpg,480,360,"Did data science change the finance industry? And if it did -- how? Well, of course, data science in finance changed the industry massively! ✅Get 20% OFF the...",1280.0,720.0,data analyst finance,/channel/UCEBpSZhI1X8WaP-kY_2LLcg,0.524
1060,DataFest - Павел Плесков (DataNerds.ai) - How To Win Kaggle Competitions,,2.494 visualizações,Publicado em 21 de out. de 2018,Pessoas e blogs,DataFest - Павел Плесков (DataNerds.ai) - How To Win Kaggle Competitions,"videoCFT
Carregando...
Cancelar inscrição de videoCFT?
Não
Cancelar inscrição
Processando...
Inscrever-seInscritoCancelar inscrição963 Carregando...
Carregando...
Processando...","2.494 visualizações
62
Gostou deste vídeo?
Faça login para que sua opinião seja levada em conta.
Fazer login
63
3
Não gostou deste vídeo?
Faça login para que sua opinião seja levada em conta.
Fazer login
4",https://i.ytimg.com/vi/leD0agQkO9s/maxresdefault.jpg,1280,720,"Data Fest Siberia - первая Data Science конференция для исследователей, инженеров и разработчиков в Сибири. Подробнее о конференции: http://fest.ai/siberia/ ...",1280.0,720.0,ЦФТ,/channel/UCv5Gi05tpsfPDbprgLeBGWA,0.468
1090,How I Learned Data Science,,25.321 visualizações,Publicado em 27 de jan. de 2020,Pessoas e blogs,"#DataScience #KenJee
How I Learned Data Science","Ken Jee
Carregando...
Cancelar inscrição de Ken Jee?
Não
Cancelar inscrição
Processando...
Inscrever-seInscritoCancelar inscrição33,8 mil Carregando...
Carregando...
Processando...","25.321 visualizações
793
Gostou deste vídeo?
Faça login para que sua opinião seja levada em conta.
Fazer login
794
9
Não gostou deste vídeo?
Faça login para que sua opinião seja levada em conta.
Fazer login
10",https://i.ytimg.com/vi/n3vw0M5RrPU/maxresdefault.jpg,1280,720,"In this video I talk about my journey to learning data science. I didn't go about it the conventional way, but my path taught me the skills and got me into a...",1280.0,720.0,data science course,/channel/UCiT9RITQ9PW6BhXK0y2jaeg,0.485
1093,Stanford CS224N: NLP with Deep Learning | Winter 2019 | Lecture 5 – Dependency Parsing,,37.532 visualizações,Publicado em 11 de mar. de 2019,Educação,Stanford CS224N: NLP with Deep Learning | Winter 2019 | Lecture 5 – Dependency Parsing,"stanfordonline
Carregando...
Cancelar inscrição de stanfordonline?
Não
Cancelar inscrição
Processando...
Inscrever-seInscritoCancelar inscrição169 mil Carregando...
Carregando...
Processando...","37.532 visualizações
303
Gostou deste vídeo?
Faça login para que sua opinião seja levada em conta.
Fazer login
304
6
Não gostou deste vídeo?
Faça login para que sua opinião seja levada em conta.
Fazer login
7",https://i.ytimg.com/vi/nC9_RfjYwqA/hqdefault.jpg,480,360,Take an adapted version of this course as part of the Stanford Artificial Intelligence Professional Program. Learn more at: https://stanford.io/2YdUtfp Profe...,1280.0,720.0,,/channel/UCBa5G_ESCn8Yd4vw5U-gIcg,0.853
1132,How To Get A Job In Data Science,,75.678 visualizações,Publicado em 8 de ago. de 2018,Educação,How To Get A Job In Data Science,"Matt Tran
Carregando...
Cancelar inscrição de Matt Tran?
Não
Cancelar inscrição
Processando...
Inscrever-seInscritoCancelar inscrição435 mil Carregando...
Carregando...
Processando...","75.678 visualizações
2.008
Gostou deste vídeo?
Faça login para que sua opinião seja levada em conta.
Fazer login
2.009
69
Não gostou deste vídeo?
Faça login para que sua opinião seja levada em conta.
Fazer login
70",https://i.ytimg.com/vi/oxSrzwQWIME/maxresdefault.jpg,1280,720,"Skillshare might not like this. You can sign up for a 2 month trial for Skillshare, complete the data science course and then cancel your membership before b...",1280.0,720.0,cyber security career,/channel/UChj0w0duKtp7SDd_X9CNptw,0.466
1144,How Data Scientists Can Build an Online Brand | CareerCon 2019| Kaggle,,695 visualizações,Publicado em 15 de ago. de 2019,Ciência e tecnologia,How Data Scientists Can Build an Online Brand | CareerCon 2019| Kaggle,"Kaggle
Carregando...
Cancelar inscrição de Kaggle?
Não
Cancelar inscrição
Processando...
Inscrever-seInscritoCancelar inscrição54,2 mil Carregando...
Carregando...
Processando...","695 visualizações
28
Gostou deste vídeo?
Faça login para que sua opinião seja levada em conta.
Fazer login
29
1
Não gostou deste vídeo?
Faça login para que sua opinião seja levada em conta.
Fazer login
2",https://i.ytimg.com/vi/pZ5u_QSYfnc/maxresdefault.jpg,1280,720,"In this session, popular YouTube Machine Learning educator and director of the School of AI, Siraj Raval, along with Kaggle data scientist and developer advo...",1280.0,720.0,big data,/channel/UCSNeZleDn9c74yQc-EKnVTA,0.503
1155,Decision Tree Algorithm | Decision Tree in Python | Machine Learning Algorithms | Edureka,,204.751 visualizações,Publicado em 14 de jun. de 2018,Educação,"#decisiontree #decisiontreepython #machinelearningalgorithms
Decision Tree Algorithm | Decision Tree in Python | Machine Learning Algorithms | Edureka","edureka!
Carregando...
Cancelar inscrição de edureka!?
Não
Cancelar inscrição
Processando...
Inscrever-seInscritoCancelar inscrição1,76 mi Carregando...
Carregando...
Processando...","204.751 visualizações
2.224
Gostou deste vídeo?
Faça login para que sua opinião seja levada em conta.
Fazer login
2.225
147
Não gostou deste vídeo?
Faça login para que sua opinião seja levada em conta.
Fazer login
148",https://i.ytimg.com/vi/qDcl-FRnwSU/maxresdefault.jpg,1280,720,** Machine Learning with Python : https://www.edureka.co/machine-learning-certification-training ** This Edureka video on Decision Tree Algorithm in Python w...,1280.0,720.0,decision tree classifier,/channel/UCkw4JCwteGrDHIsyIIKo4tQ,0.617
1177,Data Science Project - 1 : Introduction (Real Estate Price Prediction Project),,26.507 visualizações,Publicado em 31 de dez. de 2019,Educação,Data Science Project - 1 : Introduction (Real Estate Price Prediction Project),"codebasics
Carregando...
Cancelar inscrição de codebasics?
Não
Cancelar inscrição
Processando...
Inscrever-seInscritoCancelar inscrição116 mil Carregando...
Carregando...
Processando...","26.507 visualizações
412
Gostou deste vídeo?
Faça login para que sua opinião seja levada em conta.
Fazer login
413
3
Não gostou deste vídeo?
Faça login para que sua opinião seja levada em conta.
Fazer login
4",https://i.ytimg.com/vi/rdfbcdP75KI/maxresdefault.jpg,1280,720,This data science project series walks through step by step process of how to build a real estate price prediction website. We will first build a model using...,1280.0,720.0,free data science project,/channel/UCh9nVJoWXmFb7sLApWGcLPQ,0.449
1201,Real Talk with Reddit Data Scientist,,90.836 visualizações,Publicado em 20 de ago. de 2019,Educação,"#springboard #reddit #datascience
Real Talk with Reddit Data Scientist","Springboard
Carregando...
Cancelar inscrição de Springboard?
Não
Cancelar inscrição
Processando...
Inscrever-seInscritoCancelar inscrição40,9 mil Carregando...
Carregando...
Processando...","90.836 visualizações
1.946
Gostou deste vídeo?
Faça login para que sua opinião seja levada em conta.
Fazer login
1.947
28
Não gostou deste vídeo?
Faça login para que sua opinião seja levada em conta.
Fazer login
29",https://i.ytimg.com/vi/stz12TB72XI/maxresdefault.jpg,1280,720,"Chatting cats & dogs subreddits with Katie, data scientist @Reddit. Learn data science with a job guarantee: https://www.springboard.com/workshops/data-scien...",1280.0,720.0,lambda school,/channel/UCqd6TofKNjqagInm5Waeu7w,0.492
1211,Kaggle Meetup: Freesound Audio Tagging 2019,,284 visualizações,Publicado em 10 de ago. de 2019,Ciência e tecnologia,"VentureLabs
Kaggle Meetup: Freesound Audio Tagging 2019","Learn Data Science
Carregando...
Cancelar inscrição de Learn Data Science?
Não
Cancelar inscrição
Processando...
Inscrever-seInscritoCancelar inscrição681 Carregando...
Carregando...
Processando...","284 visualizações
4
Gostou deste vídeo?
Faça login para que sua opinião seja levada em conta.
Fazer login
5
1
Não gostou deste vídeo?
Faça login para que sua opinião seja levada em conta.
Fazer login
2",https://i.ytimg.com/vi/tEe-w86R23E/maxresdefault.jpg,1280,720,Presenter: Keagan O'Donohue Kaggle page: https://www.kaggle.com/c/freesound-audio-tagging-2019 Meetup page: https://www.meetup.com/LearnDataScience/events/fb...,1280.0,720.0,kaggle,/channel/UCJhW_16uxALr0X4olEW2p5A,0.462
1218,Python Toolkit that Used for Two Kaggle Top 10% Leaderboard Finishes,,5.534 visualizações,Publicado em 14 de jan. de 2019,Ciência e tecnologia,Python Toolkit that Used for Two Kaggle Top 10% Leaderboard Finishes,"Jeff Heaton
Carregando...
Cancelar inscrição de Jeff Heaton?
Não
Cancelar inscrição
Processando...
Inscrever-seInscritoCancelar inscrição32,7 mil Carregando...
Carregando...
Processando...","5.534 visualizações
143
Gostou deste vídeo?
Faça login para que sua opinião seja levada em conta.
Fazer login
144
4
Não gostou deste vídeo?
Faça login para que sua opinião seja levada em conta.
Fazer login
5",https://i.ytimg.com/vi/tSzrecBdyJc/maxresdefault.jpg,1280,720,"This is the set of common tools that I've used in Kaggles to place around 7-10% on the leaderboard. Templates are provided for feature engineering, preproces...",480.0,360.0,preprocessing,/channel/UCR1-GEpyOPzT2AO4D_eifdw,0.546
1235,Kaggle Live-Coding: Making text sound old-timey with transformers (Part 4) | Kaggle,,877 visualizações,Transmitido ao vivo em 1 de fev. de 2019,Ciência e tecnologia,Kaggle Live-Coding: Making text sound old-timey with transformers (Part 4) | Kaggle,"Kaggle
Carregando...
Cancelar inscrição de Kaggle?
Não
Cancelar inscrição
Processando...
Inscrever-seInscritoCancelar inscrição54,2 mil Carregando...
Carregando...
Processando...","877 visualizações
22
Gostou deste vídeo?
Faça login para que sua opinião seja levada em conta.
Fazer login
23
2
Não gostou deste vídeo?
Faça login para que sua opinião seja levada em conta.
Fazer login
3",https://i.ytimg.com/vi/uFWxY4Zhkpg/maxresdefault.jpg,1280,720,Join Kaggle data scientist Rachael live as she works on data science projects! This week we're going to continue our a project to make current English sound ...,1280.0,720.0,CS,/channel/UCSNeZleDn9c74yQc-EKnVTA,0.481
1239,Data Science – Baba Brinkman Music Video,,25.492 visualizações,Publicado em 21 de out. de 2019,Música,Data Science – Baba Brinkman Music Video,"Baba Brinkman
Carregando...
Cancelar inscrição de Baba Brinkman?
Não
Cancelar inscrição
Processando...
Inscrever-seInscritoCancelar inscrição6,54 mil Carregando...
Carregando...
Processando...","25.492 visualizações
818
Gostou deste vídeo?
Faça login para que sua opinião seja levada em conta.
Fazer login
819
15
Não gostou deste vídeo?
Faça login para que sua opinião seja levada em conta.
Fazer login
16",https://i.ytimg.com/vi/uHGlCi9jOWY/maxresdefault.jpg,1280,720,"Rap battle between a data scientist and a classical statistician, arguing for predictive algorithmic models versus inferential data models respectively. Down...",1280.0,720.0,algorithms,/channel/UCz9Qm66ewnY0LAlZlL4HK9g,0.447
1240,Machine Learning in Time Series Forecasting | Kaggle M5 Forecasting Competition Part2: Data & Metric,,853 visualizações,Publicado em 7 de mar. de 2020,Educação,Machine Learning in Time Series Forecasting | Kaggle M5 Forecasting Competition Part2: Data & Metric,"Quinn Wang
Carregando...
Cancelar inscrição de Quinn Wang?
Não
Cancelar inscrição
Processando...
Inscrever-seInscritoCancelar inscrição162 Carregando...
Carregando...
Processando...","853 visualizações
17
Gostou deste vídeo?
Faça login para que sua opinião seja levada em conta.
Fazer login
18
0
Não gostou deste vídeo?
Faça login para que sua opinião seja levada em conta.
Fazer login
1",https://i.ytimg.com/vi/uIDtrrEtaeQ/hqdefault.jpg,480,360,"Kaggle has released a new competition for $100,000 total prize money. In this series we will work together on this competition from start to finish, learning...",1280.0,720.0,Evaluation Metrics,/channel/UCgc9e-Ma04hZWogxvw2lp9g,0.488
1282,As TOP 5 Linguagens para INTELIGÊNCIA ARTIFICIAL e MACHINE LEARNING (2019) // Vlog #97,,33.977 visualizações,Publicado em 20 de jun. de 2019,Ciência e tecnologia,"#MachineLearning #InteligênciaArtificial #Linguagens
As TOP 5 Linguagens para INTELIGÊNCIA ARTIFICIAL e MACHINE LEARNING (2019) // Vlog #97","Código Fonte TV
Carregando...
Cancelar inscrição de Código Fonte TV?
Não
Cancelar inscrição
Processando...
Inscrever-seInscritoCancelar inscrição211 mil Carregando...
Carregando...
Processando...","33.977 visualizações
4.709
Gostou deste vídeo?
Faça login para que sua opinião seja levada em conta.
Fazer login
4.710
26
Não gostou deste vídeo?
Faça login para que sua opinião seja levada em conta.
Fazer login
27",https://i.ytimg.com/vi/wD5lpZI6jeY/maxresdefault.jpg,1280,720,🤝 𝗧𝗥𝗘𝗜𝗡𝗔𝗪𝗘𝗕 → https://codft.me/treinawebweek Fique por dentro das 5 melhores linguagens da programação (e seus frameworks) para se trabalhar com Inteligência...,1280.0,720.0,TreinaWeb,/channel/UCFuIUoyHB12qpYa8Jpxoxow,0.494
1287,Panel: Data Scientists with Different Learning Backgrounds | CareerCon 2019 | Kaggle,,481 visualizações,Publicado em 15 de ago. de 2019,Ciência e tecnologia,Panel: Data Scientists with Different Learning Backgrounds | CareerCon 2019 | Kaggle,"Kaggle
Carregando...
Cancelar inscrição de Kaggle?
Não
Cancelar inscrição
Processando...
Inscrever-seInscritoCancelar inscrição54,2 mil Carregando...
Carregando...
Processando...","481 visualizações
15
Gostou deste vídeo?
Faça login para que sua opinião seja levada em conta.
Fazer login
16
0
Não gostou deste vídeo?
Faça login para que sua opinião seja levada em conta.
Fazer login
1",https://i.ytimg.com/vi/wXjiqb4HVu0/maxresdefault.jpg,1280,720,"""There's no single, prescribed academic path in the nascent field of data science. In this discussion, a panel of employed data scientists from different lea...",1280.0,720.0,CS,/channel/UCSNeZleDn9c74yQc-EKnVTA,0.472
1295,How Machines *Really* Learn. [Footnote],,1.232.447 visualizações,Publicado em 18 de dez. de 2017,Educação,How Machines *Really* Learn. [Footnote],"CGP Grey
Carregando...
Cancelar inscrição de CGP Grey?
Não
Cancelar inscrição
Processando...
Inscrever-seInscritoCancelar inscrição4,28 mi Carregando...
Carregando...
Processando...","1.232.447 visualizações
57.155
Gostou deste vídeo?
Faça login para que sua opinião seja levada em conta.
Fazer login
57.156
291
Não gostou deste vídeo?
Faça login para que sua opinião seja levada em conta.
Fazer login
292",https://i.ytimg.com/vi/wvWpdrfoEv0/maxresdefault.jpg,1280,720,Main video: https://www.youtube.com/watch?v=R9OHn5ZF4Uo MarIO: https://www.youtube.com/watch?v=qv6UVOQ0F44 Genetic programming: https://www.youtube.com/watch...,1280.0,720.0,hello internet,/channel/UC2C_jShtL725hvbm1arSV9w,0.472
1303,Introducing Codecademy's Data Science Path,,176.290 visualizações,Publicado em 14 de ago. de 2018,Educação,Introducing Codecademy's Data Science Path,"Codecademy
Carregando...
Cancelar inscrição de Codecademy?
Não
Cancelar inscrição
Processando...
Inscrever-seInscritoCancelar inscrição88,7 mil Carregando...
Carregando...
Processando...","176.290 visualizações
192
Gostou deste vídeo?
Faça login para que sua opinião seja levada em conta.
Fazer login
193
4
Não gostou deste vídeo?
Faça login para que sua opinião seja levada em conta.
Fazer login
5",https://i.ytimg.com/vi/xMWbL3wd4wo/maxresdefault.jpg,1280,720,Learn job-ready data science skills at your own pace: https://www.codecademy.com/learn/paths/data-science?utm_content=video&utm_medium=social&utm_source=YouT...,1280.0,720.0,alex kuntz,/channel/UC5CMtpogD_P3mOoeiDHD5eQ,0.44
1310,Kaggle Live-Coding: Comparing unsupervised classification methods for text | Kaggle,,2.047 visualizações,Transmitido ao vivo em 31 de mai. de 2019,Ciência e tecnologia,Kaggle Live-Coding: Comparing unsupervised classification methods for text | Kaggle,"Kaggle
Carregando...
Cancelar inscrição de Kaggle?
Não
Cancelar inscrição
Processando...
Inscrever-seInscritoCancelar inscrição54,2 mil Carregando...
Carregando...
Processando...","2.047 visualizações
63
Gostou deste vídeo?
Faça login para que sua opinião seja levada em conta.
Fazer login
64
1
Não gostou deste vídeo?
Faça login para que sua opinião seja levada em conta.
Fazer login
2",https://i.ytimg.com/vi/xoTMADzMwVU/maxresdefault.jpg,1280,720,This week we're going to continue on our forum-summarizing chat bot project by comparing different methods for unsupervised text classification. SUBSCRIBE: h...,1280.0,720.0,reading group,/channel/UCSNeZleDn9c74yQc-EKnVTA,0.485
1313,How to Spec a Deep learning PC | 2019 PC Buying Guide,,28.530 visualizações,Publicado em 10 de mai. de 2019,Educação,How to Spec a Deep learning PC | 2019 PC Buying Guide,"Machine Learning with Phil
Carregando...
Cancelar inscrição de Machine Learning with Phil?
Não
Cancelar inscrição
Processando...
Inscrever-seInscritoCancelar inscrição13,4 mil Carregando...
Carregando...
Processando...","28.530 visualizações
518
Gostou deste vídeo?
Faça login para que sua opinião seja levada em conta.
Fazer login
519
8
Não gostou deste vídeo?
Faça login para que sua opinião seja levada em conta.
Fazer login
9",https://i.ytimg.com/vi/xsnVlMWQj8o/maxresdefault.jpg,1280,720,"Today I'll give my recommendations on what computer hardware to buy for a deep learning PC in 2019, for people working with a budget of around $1,000. Much l...",1280.0,720.0,deep reinforcement learning,/channel/UC58v9cLitc8VaCjrcKyAbrw,0.434
1317,Conda Environments : Data Science Code,,16 visualizações,Publicado em 1 de jun. de 2020,Educação,Conda Environments : Data Science Code,"ritvikmath
Carregando...
Cancelar inscrição de ritvikmath?
Não
Cancelar inscrição
Processando...
Inscrever-seInscritoCancelar inscrição19,3 mil Carregando...
Carregando...
Processando...","16 visualizações
2
Gostou deste vídeo?
Faça login para que sua opinião seja levada em conta.
Fazer login
3
0
Não gostou deste vídeo?
Faça login para que sua opinião seja levada em conta.
Fazer login
1",https://i.ytimg.com/vi/xyQn8cNOP78/hqdefault.jpg,480,360,All about Conda Environments!,1280.0,720.0,code,/channel/UCUcpVoi5KkJmnE3bvEhHR0Q,0.498
1331,Kaggle Meetup: Landmark Recognition,,900 visualizações,Publicado em 13 de jul. de 2018,Ciência e tecnologia,Kaggle Meetup: Landmark Recognition,"Learn Data Science
Carregando...
Cancelar inscrição de Learn Data Science?
Não
Cancelar inscrição
Processando...
Inscrever-seInscritoCancelar inscrição681 Carregando...
Carregando...
Processando...","900 visualizações
6
Gostou deste vídeo?
Faça login para que sua opinião seja levada em conta.
Fazer login
7
1
Não gostou deste vídeo?
Faça login para que sua opinião seja levada em conta.
Fazer login
2",https://i.ytimg.com/vi/ymMsDG5kA94/maxresdefault.jpg,1280,720,Meetup page: https://www.meetup.com/LearnDataScience/events/251386040/ Kaggle page: https://www.kaggle.com/c/landmark-recognition-challenge Slides: https://w...,1280.0,720.0,yvr,/channel/UCJhW_16uxALr0X4olEW2p5A,0.483
1354,How to find Data Science Jobs During Recession ? | Top 3 Job Portals | Tricks to crack Interview !,,177 visualizações,Publicado em 31 de mai. de 2020,Educação,"#vision2020 #aiforeveryone #pythonnumpy
How to find Data Science Jobs During Recession ? | Top 3 Job Portals | Tricks to crack Interview !","Artificial Intelligence Tutorials
Carregando...
Cancelar inscrição de Artificial Intelligence Tutorials?
Não
Cancelar inscrição
Processando...
Inscrever-seInscritoCancelar inscrição2,37 mil Carregando...
Carregando...
Processando...","177 visualizações
Gostou deste vídeo?
Faça login para que sua opinião seja levada em conta.
Fazer login
Não gostou deste vídeo?
Faça login para que sua opinião seja levada em conta.
Fazer login",https://i.ytimg.com/vi/zoJCD7-vaxQ/maxresdefault.jpg,1280,720,"#vision2020 #aiforeveryone #pythonnumpy : ""My Vision is to provide ""AIFOREVERYONE"", by creating free video courses for Artificial Intelligence , Machine Lear...",1280.0,720.0,how to search job,/channel/UCNJuXA_sPosZGolgPzdWnXw,0.446
1357,What's the Best Career Advice You've Been Given? | Kaggle CareerCon 2019,,16.327 visualizações,Publicado em 18 de mar. de 2019,Ciência e tecnologia,What's the Best Career Advice You've Been Given? | Kaggle CareerCon 2019,"Kaggle
Carregando...
Cancelar inscrição de Kaggle?
Não
Cancelar inscrição
Processando...
Inscrever-seInscritoCancelar inscrição54,2 mil Carregando...
Carregando...
Processando...","16.327 visualizações
15
Gostou deste vídeo?
Faça login para que sua opinião seja levada em conta.
Fazer login
16
0
Não gostou deste vídeo?
Faça login para que sua opinião seja levada em conta.
Fazer login
1",https://i.ytimg.com/vi/zz05VaLcgsw/maxresdefault.jpg,1280,720,Register for CareerCon 2019: https://www.kaggle.com/careercon2019 SUBSCRIBE: http://www.youtube.com/user/kaggledotcom?sub_confirmation=1&utm_medium=youtube&u...,1280.0,720.0,careercon,/channel/UCSNeZleDn9c74yQc-EKnVTA,0.484
729,Lecture 12: Good practices in machine learning – Machine Learning for Engineers,,38 visualizações,Publicado em 28 de mai. de 2020,Educação,Lecture 12: Good practices in machine learning – Machine Learning for Engineers,"PARISlab@UCLA
Carregando...
Cancelar inscrição de PARISlab@UCLA?
Não
Cancelar inscrição
Processando...
Inscrever-seInscritoCancelar inscrição1,38 mil Carregando...
Carregando...
Processando...","38 visualizações
0
Gostou deste vídeo?
Faça login para que sua opinião seja levada em conta.
Fazer login
1
0
Não gostou deste vídeo?
Faça login para que sua opinião seja levada em conta.
Fazer login
1",https://i.ytimg.com/vi/WScUQnU-ozQ/maxresdefault.jpg,1280,720,"This video is part of the ""Artificial Intelligence and Machine Learning for Engineers"" course offered at the University of California, Los Angeles (UCLA). Th...",960.0,720.0,,/channel/UCT6I2JS2k5tMYV9zg1Yq98A,0.2
719,Painter by numbers: using python to create a Kaggle competition (Kiri Nichol),,289 visualizações,Publicado em 23 de abr. de 2018,Ciência e tecnologia,Painter by numbers: using python to create a Kaggle competition (Kiri Nichol),"PyCon Canada
Carregando...
Cancelar inscrição de PyCon Canada?
Não
Cancelar inscrição
Processando...
Inscrever-seInscritoCancelar inscrição12,2 mil Carregando...
Carregando...
Processando...","289 visualizações
5
Gostou deste vídeo?
Faça login para que sua opinião seja levada em conta.
Fazer login
6
0
Não gostou deste vídeo?
Faça login para que sua opinião seja levada em conta.
Fazer login
1",https://i.ytimg.com/vi/WBo5S1fVZog/maxresdefault.jpg,1280,720,"The ""Painter By Numbers"" Kaggle competition challenged participants to come up with an algorithm which can examine a pair of paintings and make a prediction:...",1280.0,720.0,siamese neural networks,/channel/UCclkPrurwUP_ajqi3vDTNDg,0.307
518,Python para Data Science - Expressões ternárias e módulos - (Final de temporada) Aula 10,,3 visualizações,Publicado em 31 de mai. de 2020,Educação,Python para Data Science - Expressões ternárias e módulos - (Final de temporada) Aula 10,"Rodolfo Moreira
Carregando...
Cancelar inscrição de Rodolfo Moreira?
Não
Cancelar inscrição
Processando...
Inscrever-seInscritoCancelar inscrição2,53 mil Carregando...
Carregando...
Processando...","3 visualizações
1
Gostou deste vídeo?
Faça login para que sua opinião seja levada em conta.
Fazer login
2
0
Não gostou deste vídeo?
Faça login para que sua opinião seja levada em conta.
Fazer login
1",https://i.ytimg.com/vi/N1Rt0AlaMjI/maxresdefault.jpg,1280,720,"Fala pessoal, tudo beleza? Finalizando a primeira temporada de Python para Data Science trabalhamos com expressões ternárias e módulos. Ainda tem muito assun...",960.0,720.0,,/channel/UCaFNIymOik_T7b1EQfDhdrw,0.143
540,"What Does A Data Analyst Do? ($80,000+ Starting Salary)",,837.172 visualizações,Estreou em 6 de nov. de 2019,Educação,"United States
What Does A Data Analyst Do? ($80,000+ Starting Salary)","Matt Tran
Carregando...
Cancelar inscrição de Matt Tran?
Não
Cancelar inscrição
Processando...
Inscrever-seInscritoCancelar inscrição435 mil Carregando...
Carregando...
Processando...","837.172 visualizações
20.512
Gostou deste vídeo?
Faça login para que sua opinião seja levada em conta.
Fazer login
20.513
1.054
Não gostou deste vídeo?
Faça login para que sua opinião seja levada em conta.
Fazer login
1.055",https://i.ytimg.com/vi/OF132jIS8XM/maxresdefault.jpg,1280,720,"Kwame created a Data Analyst course that teaches you Cognos IBM analytics. Using Cognos Analytics, you can become a Data Analyst within 8 - 12 weeks. Check o...",1280.0,720.0,Remote work,/channel/UChj0w0duKtp7SDd_X9CNptw,0.094
953,Como ingressar no MERCADO de DATA SCIENCE | Bit de Prosa #8 (Especial Alura),,13.228 visualizações,Publicado em 21 de out. de 2019,Ciência e tecnologia,Como ingressar no MERCADO de DATA SCIENCE | Bit de Prosa #8 (Especial Alura),"Peixe Babel
Carregando...
Cancelar inscrição de Peixe Babel?
Não
Cancelar inscrição
Processando...
Inscrever-seInscritoCancelar inscrição75,3 mil Carregando...
Carregando...
Processando...","13.228 visualizações
1.296
Gostou deste vídeo?
Faça login para que sua opinião seja levada em conta.
Fazer login
1.297
11
Não gostou deste vídeo?
Faça login para que sua opinião seja levada em conta.
Fazer login
12",https://i.ytimg.com/vi/gxyjGmOV540/maxresdefault.jpg,1280,720,É desconto que você quer @? (10% off para assinar a Alura) https://www.alura.com.br/promocao/peixebabel Essa semana conversamos com a Cientista de Dados da H...,1280.0,720.0,cursos,/channel/UCqB90BBr6eNRaJl-kl30Xxw,0.215
866,"COMMENT DEVENIR DATA SCIENTIST ou data analyst : métier, formation, salaire et Big Data !",,47.419 visualizações,Publicado em 14 de jan. de 2019,Pessoas e blogs,"#MJLL #orientation #métier
COMMENT DEVENIR DATA SCIENTIST ou data analyst : métier, formation, salaire et Big Data !","Maintenant j'aime le lundi
Carregando...
Cancelar inscrição de Maintenant j'aime le lundi?
Não
Cancelar inscrição
Processando...
Inscrever-seInscritoCancelar inscrição16,9 mil Carregando...
Carregando...
Processando...","47.419 visualizações
824
Gostou deste vídeo?
Faça login para que sua opinião seja levada em conta.
Fazer login
825
14
Não gostou deste vídeo?
Faça login para que sua opinião seja levada em conta.
Fazer login
15",https://i.ytimg.com/vi/cSdDfzFZV7M/maxresdefault.jpg,1280,720,Vous souhaitez découvrir un métier que nous n’avons pas encore filmé ? Proposez-le nous ! https://oui.maintenantjaimelelundi.fr/metier EPISODE 29 : Camille &...,1280.0,720.0,devenir,/channel/UCFg4L-UHLw_138Q-i8vHCSA,0.079
843,Les entretiens de recrutement de Data Scientist.,,4.797 visualizações,Publicado em 1 de dez. de 2019,,"France
Les entretiens de recrutement de Data Scientist.","Defend Intelligence
Carregando...
Cancelar inscrição de Defend Intelligence?
Não
Cancelar inscrição
Processando...
Inscrever-seInscritoCancelar inscrição3,13 mil Carregando...
Carregando...
Processando...","4.797 visualizações
189
Gostou deste vídeo?
Faça login para que sua opinião seja levada em conta.
Fazer login
190
5
Não gostou deste vídeo?
Faça login para que sua opinião seja levada em conta.
Fazer login
6",https://i.ytimg.com/vi/bKR3TobqyrU/maxresdefault.jpg,1280,720,❤️ ❤️ PENSEZ A VOUS ABONNER A LA CHAINE SVP !!! C'est important pour m'aider à faire connaitre la chaine. Merci beaucoup ❤️ Comment se préparer à un test tec...,1280.0,720.0,interview data science,/channel/UCnEHCrot2HkySxMTmDPhZyg,0.156
1340,What is A/B Testing? | Data Science in Minutes,,51.381 visualizações,Publicado em 28 de dez. de 2018,Educação,"#datascience #abtesting
What is A/B Testing? | Data Science in Minutes","Data Science Dojo
Carregando...
Cancelar inscrição de Data Science Dojo?
Não
Cancelar inscrição
Processando...
Inscrever-seInscritoCancelar inscrição53,7 mil Carregando...
Carregando...
Processando...","51.381 visualizações
998
Gostou deste vídeo?
Faça login para que sua opinião seja levada em conta.
Fazer login
999
54
Não gostou deste vídeo?
Faça login para que sua opinião seja levada em conta.
Fazer login
55",https://i.ytimg.com/vi/zFMgpxG-chM/maxresdefault.jpg,1280,720,"What is A/B testing? In this quick tutorial, we go over the basics of A/B testing, as well as answer some in-depth questions such as: why should businesses c...",1280.0,720.0,a/b testing data science,/channel/UCzL_0nIe8B4-7ShhVPfJkgw,0.269
1040,Data Scientist vs. Machine Learning Engineer. Who Has a Cooler Job?,,76.105 visualizações,Publicado em 15 de jul. de 2019,Educação,Data Scientist vs. Machine Learning Engineer. Who Has a Cooler Job?,"Springboard
Carregando...
Cancelar inscrição de Springboard?
Não
Cancelar inscrição
Processando...
Inscrever-seInscritoCancelar inscrição40,9 mil Carregando...
Carregando...
Processando...","76.105 visualizações
2.000
Gostou deste vídeo?
Faça login para que sua opinião seja levada em conta.
Fazer login
2.001
70
Não gostou deste vídeo?
Faça login para que sua opinião seja levada em conta.
Fazer login
71",https://i.ytimg.com/vi/l05OHGUyK-E/maxresdefault.jpg,1280,720,"Chatting with Sreeta, a data scientist @Uber and Nikunj, a machine learning engineer @Facebook. Learn data science with a job guarantee: https://www.springbo...",1280.0,720.0,uber,/channel/UCqd6TofKNjqagInm5Waeu7w,0.035
535,Intro to Data Science: The Nature of Data,,6.610 visualizações,Publicado em 5 de jun. de 2019,Ciência e tecnologia,Intro to Data Science: The Nature of Data,"Steve Brunton
Carregando...
Cancelar inscrição de Steve Brunton?
Não
Cancelar inscrição
Processando...
Inscrever-seInscritoCancelar inscrição60,3 mil Carregando...
Carregando...
Processando...","6.610 visualizações
159
Gostou deste vídeo?
Faça login para que sua opinião seja levada em conta.
Fazer login
160
0
Não gostou deste vídeo?
Faça login para que sua opinião seja levada em conta.
Fazer login
1",https://i.ytimg.com/vi/OAB2bHsee9Y/maxresdefault.jpg,1280,720,"This lecture discusses the types of data you might encounter, and how it determines which techniques to use. Book website: http://databookuw.com/ Steve Brunt...",1280.0,720.0,Big Data,/channel/UCm5mt-A4w61lknZ9lCsZtBw,0.181
552,"Eduardo Graells: ""Data Science en Chile"" | Starsconf 2018",,710 visualizações,Publicado em 8 de mar. de 2019,Pessoas e blogs,"Eduardo Graells: ""Data Science en Chile"" | Starsconf 2018","StarsConf
Carregando...
Cancelar inscrição de StarsConf?
Não
Cancelar inscrição
Processando...
Inscrever-seInscritoCancelar inscrição451 Carregando...
Carregando...
Processando...","710 visualizações
22
Gostou deste vídeo?
Faça login para que sua opinião seja levada em conta.
Fazer login
23
0
Não gostou deste vídeo?
Faça login para que sua opinião seja levada em conta.
Fazer login
1",https://i.ytimg.com/vi/OcVMcsK43U0/maxresdefault.jpg,1280,720,"La Ciencia de Datos o Data Science es un área transdisciplinar que está irrumpiendo fuertemente en la industria y en la academia. Sin embargo, las altas expe...",1280.0,720.0,Data Science,/channel/UCLkazZzOWJn38rtbgykpFOQ,0.081
915,Interview With My Brother Who Sold His Startup For $60 Million | Machine Learning Engineer,,476.152 visualizações,Publicado em 16 de out. de 2019,Educação,Interview With My Brother Who Sold His Startup For $60 Million | Machine Learning Engineer,"Joma Tech
Carregando...
Cancelar inscrição de Joma Tech?
Não
Cancelar inscrição
Processando...
Inscrever-seInscritoCancelar inscrição576 mil Carregando...
Carregando...
Processando...","476.152 visualizações
9.111
Gostou deste vídeo?
Faça login para que sua opinião seja levada em conta.
Fazer login
9.112
181
Não gostou deste vídeo?
Faça login para que sua opinião seja levada em conta.
Fazer login
182",https://i.ytimg.com/vi/fB7nyxXaczY/maxresdefault.jpg,1280,720,"My brother (https://twitter.com/madavidj) talks about how to successfully leverage Machine Learning in Startups. Learn computer science, math, science, and a...",1280.0,720.0,software engineer,/channel/UCV0qA-eDDICsRR9rPcnG7tw,0.148
571,Is Masters in Data Analytics Worth it? $50000 Course! Ft.Harshad,,4.967 visualizações,Publicado em 21 de mai. de 2020,Educação,"#DataAnalyst #MSinDataAnalytics #MSinUSA
Is Masters in Data Analytics Worth it? $50000 Course! Ft.Harshad","Yudi J
Carregando...
Cancelar inscrição de Yudi J?
Não
Cancelar inscrição
Processando...
Inscrever-seInscritoCancelar inscrição60 mil Carregando...
Carregando...
Processando...","4.967 visualizações
322
Gostou deste vídeo?
Faça login para que sua opinião seja levada em conta.
Fazer login
323
5
Não gostou deste vídeo?
Faça login para que sua opinião seja levada em conta.
Fazer login
6",https://i.ytimg.com/vi/PFk8TfRulcQ/maxresdefault.jpg,1280,720,A lot of questions on Masters in Data Analytics if it is worth it or no- so here in this video I have Harshad from George Mason University who shares his exp...,640.0,360.0,Data Analytics,/channel/UCu6WUWDl9tx7bn2e8jy7sNw,0.157
688,Python Data Science Project Ideas! (for all skill levels),,10.437 visualizações,Publicado em 6 de abr. de 2020,Educação,Python Data Science Project Ideas! (for all skill levels),"Keith Galli
Carregando...
Cancelar inscrição de Keith Galli?
Não
Cancelar inscrição
Processando...
Inscrever-seInscritoCancelar inscrição51,9 mil Carregando...
Carregando...
Processando...","10.437 visualizações
672
Gostou deste vídeo?
Faça login para que sua opinião seja levada em conta.
Fazer login
673
4
Não gostou deste vídeo?
Faça login para que sua opinião seja levada em conta.
Fazer login
5",https://i.ytimg.com/vi/V5_waf_9_rU/maxresdefault.jpg,1280,720,"In this video, we walk through eight project ideas to help you build up your data science skills. All of the resources mentioned in the video can be found he...",1280.0,720.0,kaggle tutorial,/channel/UCq6XkhO5SZ66N04IcPbqNcw,0.287
726,Making Friends with Machine Learning: Regression,,7.790 visualizações,Publicado em 4 de fev. de 2019,Ciência e tecnologia,Making Friends with Machine Learning: Regression,"Google Cloud Platform
Carregando...
Cancelar inscrição de Google Cloud Platform?
Não
Cancelar inscrição
Processando...
Inscrever-seInscritoCancelar inscrição473 mil Carregando...
Carregando...
Processando...","7.790 visualizações
272
Gostou deste vídeo?
Faça login para que sua opinião seja levada em conta.
Fazer login
273
4
Não gostou deste vídeo?
Faça login para que sua opinião seja levada em conta.
Fazer login
5",https://i.ytimg.com/vi/WNvOtwP_yf4/maxresdefault.jpg,1280,720,"Make friends with the amazing power of machine learning! In this video, Cassie walks you through machine learning terminology and basic concepts by applying ...",1280.0,720.0,GDS: Yes;,/channel/UCJS9pqu9BzkAMNTmzNMNhvg,0.211
702,Kaggle Coffee Chat: Amanda Cesari | Kaggle,,800 visualizações,Publicado em 3 de jun. de 2019,Ciência e tecnologia,Kaggle Coffee Chat: Amanda Cesari | Kaggle,"Kaggle
Carregando...
Cancelar inscrição de Kaggle?
Não
Cancelar inscrição
Processando...
Inscrever-seInscritoCancelar inscrição54,2 mil Carregando...
Carregando...
Processando...","800 visualizações
27
Gostou deste vídeo?
Faça login para que sua opinião seja levada em conta.
Fazer login
28
0
Não gostou deste vídeo?
Faça login para que sua opinião seja levada em conta.
Fazer login
1",https://i.ytimg.com/vi/V_EfZXowDdY/hqdefault.jpg,480,360,"Join us for coffee with Amanda Cesari! We talk about how she got into data science, how the field emerged and the challenges of doing data science work at sc...",1280.0,720.0,CS,/channel/UCSNeZleDn9c74yQc-EKnVTA,0.146
1223,[토크ON세미나] Kaggle(캐글) 데이터분석 입문 1강 - What is Kaggle(캐글)? | T아카데미,,3.286 visualizações,Publicado em 21 de abr. de 2019,Educação,[토크ON세미나] Kaggle(캐글) 데이터분석 입문 1강 - What is Kaggle(캐글)? | T아카데미,"SKplanet Tacademy
Carregando...
Cancelar inscrição de SKplanet Tacademy?
Não
Cancelar inscrição
Processando...
Inscrever-seInscritoCancelar inscrição25,7 mil Carregando...
Carregando...
Processando...","3.286 visualizações
43
Gostou deste vídeo?
Faça login para que sua opinião seja levada em conta.
Fazer login
44
0
Não gostou deste vídeo?
Faça login para que sua opinião seja levada em conta.
Fazer login
1",https://i.ytimg.com/vi/tsBamODoqPU/maxresdefault.jpg,1280,720,"마흔 여덟번째 세미나 주제는 'Kaggle(캐글) 데이터분석’입니다. Kaggle은 데이터 분석 및 머신러닝 대회 플랫폼으로 기업 및 단체에서 데이터와 해결 과제를 주면, 전세계에 있는 데이터 과학자들이 함께 경쟁하면서 함께 풀어갑니다. 이번 세미나에서는 Kaggle 내에 있는 여...",1280.0,720.0,Porto,/channel/UCtV98yyffjUORQRGTuLHomw,0.187
1294,6 Levels to AutoML | by Bojan Tunguz | Kaggle Days San Francisco,,837 visualizações,Publicado em 16 de mai. de 2019,Ciência e tecnologia,6 Levels to AutoML | by Bojan Tunguz | Kaggle Days San Francisco,"Kaggle
Carregando...
Cancelar inscrição de Kaggle?
Não
Cancelar inscrição
Processando...
Inscrever-seInscritoCancelar inscrição54,2 mil Carregando...
Carregando...
Processando...","837 visualizações
14
Gostou deste vídeo?
Faça login para que sua opinião seja levada em conta.
Fazer login
15
1
Não gostou deste vídeo?
Faça login para que sua opinião seja levada em conta.
Fazer login
2",https://i.ytimg.com/vi/wsDKJedfqSQ/maxresdefault.jpg,1280,720,"Bojan Tunguz ""6 Levels to AutoML"" Kaggle Days San Francisco held in April 2019 gathered over 300 participants to meet, learn and code with Kaggle Grandmaster...",1280.0,720.0,kaggle days,/channel/UCSNeZleDn9c74yQc-EKnVTA,0.415
943,Fallout 4 - Intro Cinematic (Colorized using AI Machine Learning) [IMPRESSIVE RESULTS],,2.805.108 visualizações,Publicado em 21 de jul. de 2019,Jogos,Fallout 4 - Intro Cinematic (Colorized using AI Machine Learning) [IMPRESSIVE RESULTS],"The Gaming Restoration
Carregando...
Cancelar inscrição de The Gaming Restoration?
Não
Cancelar inscrição
Processando...
Inscrever-seInscritoCancelar inscrição24,3 mil Carregando...
Carregando...
Processando...","2.805.108 visualizações
105.909
Gostou deste vídeo?
Faça login para que sua opinião seja levada em conta.
Fazer login
105.910
2.012
Não gostou deste vídeo?
Faça login para que sua opinião seja levada em conta.
Fazer login
2.013",https://i.ytimg.com/vi/gYNajpnyZiM/maxresdefault.jpg,1280,720,Fallout 4 - Live Action Opening Colorized using DeOldify [AI Machine Learning] [IMPRESSIVE RESULTS] DeOldify is an AI Neural Network software that is capable...,1280.0,720.0,pc xbox one ps4 ps3 pro x,/channel/UCI64fp_jtv6o_tZc1Ikp1jA,0.138
601,"Dashboarding with Notebooks, Day 1: What information to include | Kaggle",,10.976 visualizações,Transmitido ao vivo em 17 de dez. de 2018,Ciência e tecnologia,"Dashboarding with Notebooks, Day 1: What information to include | Kaggle","Kaggle
Carregando...
Cancelar inscrição de Kaggle?
Não
Cancelar inscrição
Processando...
Inscrever-seInscritoCancelar inscrição54,2 mil Carregando...
Carregando...
Processando...","10.976 visualizações
263
Gostou deste vídeo?
Faça login para que sua opinião seja levada em conta.
Fazer login
264
4
Não gostou deste vídeo?
Faça login para que sua opinião seja levada em conta.
Fazer login
5",https://i.ytimg.com/vi/QO2ihJS2QLM/maxresdefault.jpg,1280,720,This livestream is for the first day of the Kaggle's Dashboarding with Notebooks educational event. Today Rachael will cover how to figure out what informati...,1280.0,720.0,CS,/channel/UCSNeZleDn9c74yQc-EKnVTA,0.322
1208,Deep Q Learning w/ DQN - Reinforcement Learning p.5,,37.944 visualizações,Publicado em 21 de jun. de 2019,Educação,"#reinforcementlearning #machinelearning #python
Deep Q Learning w/ DQN - Reinforcement Learning p.5","sentdex
Carregando...
Cancelar inscrição de sentdex?
Não
Cancelar inscrição
Processando...
Inscrever-seInscritoCancelar inscrição892 mil Carregando...
Carregando...
Processando...","37.944 visualizações
656
Gostou deste vídeo?
Faça login para que sua opinião seja levada em conta.
Fazer login
657
15
Não gostou deste vídeo?
Faça login para que sua opinião seja levada em conta.
Fazer login
16",https://i.ytimg.com/vi/t3fbETsIBCY/maxresdefault.jpg,1280,720,"Hello and welcome to the first video about Deep Q-Learning and Deep Q Networks, or DQNs. Deep Q Networks are the deep learning/neural network versions of Q-L...",1280.0,720.0,python,/channel/UCfzlCWGWYyIQ0aLC5w48gBQ,0.129
1234,Do you need a PhD in Data Science,,25 visualizações,Publicado em 1 de jun. de 2020,Educação,"#datascience #datascientist #phd
Do you need a PhD in Data Science","Przemek Chojecki
Carregando...
Cancelar inscrição de Przemek Chojecki?
Não
Cancelar inscrição
Processando...
Inscrever-seInscritoCancelar inscrição2,51 mil Carregando...
Carregando...
Processando...","25 visualizações
3
Gostou deste vídeo?
Faça login para que sua opinião seja levada em conta.
Fazer login
4
0
Não gostou deste vídeo?
Faça login para que sua opinião seja levada em conta.
Fazer login
1",https://i.ytimg.com/vi/uCsULSWwJ3Y/maxresdefault.jpg,1280,720,Can a PhD in Data Science help your career? When do you need a PhD in Data Science? Do you want to work at Facebook or Google and wonder if you need a PhD? ✅...,1280.0,720.0,best phd program,/channel/UCEq0oQsS-voRnSWbcviIDGA,0.179
1289,How to share research data on Kaggle,,1.645 visualizações,Publicado em 2 de jan. de 2020,,How to share research data on Kaggle,"Kaggle
Carregando...
Cancelar inscrição de Kaggle?
Não
Cancelar inscrição
Processando...
Inscrever-seInscritoCancelar inscrição54,2 mil Carregando...
Carregando...
Processando...","1.645 visualizações
51
Gostou deste vídeo?
Faça login para que sua opinião seja levada em conta.
Fazer login
52
0
Não gostou deste vídeo?
Faça login para que sua opinião seja levada em conta.
Fazer login
1",https://i.ytimg.com/vi/wmbDkhPp5qs/maxresdefault.jpg,1280,720,"Are you looking for an easy way to share your research data? In this video, Dr. Rachael Tatman walks you through how to use Kaggle Datasets to share your dat...",1280.0,720.0,CS,/channel/UCSNeZleDn9c74yQc-EKnVTA,0.257
694,Data Science using Python -- KMeans Classifier Demo (Sklearn),,6 visualizações,Publicado em 31 de mai. de 2020,Educação,Data Science using Python -- KMeans Classifier Demo (Sklearn),"Sucharita Das
Carregando...
Cancelar inscrição de Sucharita Das?
Não
Cancelar inscrição
Processando...
Inscrever-seInscritoCancelar inscrição65 Carregando...
Carregando...
Processando...","6 visualizações
1
Gostou deste vídeo?
Faça login para que sua opinião seja levada em conta.
Fazer login
2
0
Não gostou deste vídeo?
Faça login para que sua opinião seja levada em conta.
Fazer login
1",https://i.ytimg.com/vi/VJ0h8PTQK-U/maxresdefault.jpg,1280,720,Data Science using Python -- KMeans Classifier Demo (Sklearn),1280.0,720.0,,/channel/UCXKu8jcUDoeTDOhOsh1ZAWw,0.156
949,Eigenvalues & Eigenvectors : Data Science Basics,,9.040 visualizações,Publicado em 18 de set. de 2019,Educação,Eigenvalues & Eigenvectors : Data Science Basics,"ritvikmath
Carregando...
Cancelar inscrição de ritvikmath?
Não
Cancelar inscrição
Processando...
Inscrever-seInscritoCancelar inscrição19,3 mil Carregando...
Carregando...
Processando...","9.040 visualizações
262
Gostou deste vídeo?
Faça login para que sua opinião seja levada em conta.
Fazer login
263
7
Não gostou deste vídeo?
Faça login para que sua opinião seja levada em conta.
Fazer login
8",https://i.ytimg.com/vi/glaiP222JWA/maxresdefault.jpg,1280,720,"So what are eigenvectors and why are they important? --- Like, Subscribe, and Hit that Bell to get all the latest videos from ritvikmath ~ --- Check out my M...",1280.0,720.0,,/channel/UCUcpVoi5KkJmnE3bvEhHR0Q,0.117
1196,How machine learning is being used to help save the world’s bees,,1.573.748 visualizações,Publicado em 24 de out. de 2019,Licença de atribuição Creative Commons (reutilização permitida),How machine learning is being used to help save the world’s bees,"Google
Carregando...
Cancelar inscrição de Google?
Não
Cancelar inscrição
Processando...
Inscrever-seInscritoCancelar inscrição9,04 mi Carregando...
Carregando...
Processando...","1.573.748 visualizações
5.410
Gostou deste vídeo?
Faça login para que sua opinião seja levada em conta.
Fazer login
5.411
137
Não gostou deste vídeo?
Faça login para que sua opinião seja levada em conta.
Fazer login
138",https://i.ytimg.com/vi/sgCGHBek1To/maxresdefault.jpg,1280,720,"Bee populations around the world are declining, and experts don’t know why. Led by by founder Katharina Schmidt, apic.ai is working to find answers to one of...",1280.0,720.0,,/channel/UCK8sQmJBp8GCxrOtXWBpyEA,0.277
738,Kaggle Reading Group : An Open Source AutoML Benchmark | Kaggle,,2.424 visualizações,Transmitido ao vivo em 14 de ago. de 2019,Ciência e tecnologia,Kaggle Reading Group : An Open Source AutoML Benchmark | Kaggle,"Kaggle
Carregando...
Cancelar inscrição de Kaggle?
Não
Cancelar inscrição
Processando...
Inscrever-seInscritoCancelar inscrição54,2 mil Carregando...
Carregando...
Processando...","2.424 visualizações
96
Gostou deste vídeo?
Faça login para que sua opinião seja levada em conta.
Fazer login
97
2
Não gostou deste vídeo?
Faça login para que sua opinião seja levada em conta.
Fazer login
3",https://i.ytimg.com/vi/WlXhpXv9kDU/hqdefault.jpg,480,360,This week we're starting a new paper: An Open Source AutoML Benchmark by Gijsbers et al from the 2019 ICML Workshop on Automated Machine Learning. Paper: htt...,1280.0,720.0,reading group,/channel/UCSNeZleDn9c74yQc-EKnVTA,0.044
782,ML Kit: Machine Learning SDK for mobile developers (Google I/O '18),,37.793 visualizações,Publicado em 9 de mai. de 2018,Ciência e tecnologia,"#io18
ML Kit: Machine Learning SDK for mobile developers (Google I/O '18)","Firebase
Carregando...
Cancelar inscrição de Firebase?
Não
Cancelar inscrição
Processando...
Inscrever-seInscritoCancelar inscrição262 mil Carregando...
Carregando...
Processando...","37.793 visualizações
522
Gostou deste vídeo?
Faça login para que sua opinião seja levada em conta.
Fazer login
523
17
Não gostou deste vídeo?
Faça login para que sua opinião seja levada em conta.
Fazer login
18",https://i.ytimg.com/vi/Z-dqGRSsaBs/maxresdefault.jpg,1280,720,ML Kit allows you to harness the power of ML without needing to be an expert in it. Leverage powerful but simple-to-use image recognition capabilities across...,1280.0,720.0,google I o,/channel/UCP4bf6IHJJQehibu6ai__cg,0.243
